asllex-1_dollar 	https://youtube.com/watch?v=AUSK0BQLpyo	1 dollar	AUSK0BQLpyo
asllex-5_dollars	https://youtube.com/watch?v=U4-_lED3P18	5 dollars	U4-_lED3P18
asllex-8_hour 	https://youtube.com/watch?v=1gytMfgbDeY	8 hour	1gytMfgbDeY
asllex-9_oclock 	https://youtube.com/watch?v=XfA6K6W77AE	9 oclock	XfA6K6W77AE
asllex-about_1	https://youtube.com/watch?v=7_FVUzjWdTM	about	7_FVUzjWdTM
asllex-about_2	https://youtube.com/watch?v=Yhlt-P3GeBM	about	Yhlt-P3GeBM
asllex-accident 	https://youtube.com/watch?v=l5KxrD1W7oQ	accident	l5KxrD1W7oQ
asllex-accomplish 	https://youtube.com/watch?v=oQwa1MC6jrg	accomplish	oQwa1MC6jrg
asllex-accountant 	https://youtube.com/watch?v=D3E2jFnZsEQ	accountant	D3E2jFnZsEQ
asllex-act	https://youtube.com/watch?v=QiYBOsNjU6E	act	QiYBOsNjU6E
asllex-action 	https://youtube.com/watch?v=rdgPTKFJDwg	action	rdgPTKFJDwg
asllex-actor	https://youtube.com/watch?v=qSnQk_qh4ig	actor	qSnQk_qh4ig
asllex-address	https://youtube.com/watch?v=6Wy0n0GfXcM	address	6Wy0n0GfXcM
asllex-adult	https://youtube.com/watch?v=Smr3quzVJig	adult	Smr3quzVJig
asllex-africa 	https://youtube.com/watch?v=niBJ6C9Rs_8	africa	niBJ6C9Rs_8
asllex-after	https://youtube.com/watch?v=ao9A1mhi5Ps	after	ao9A1mhi5Ps
asllex-age	https://youtube.com/watch?v=8uBr4Nr4xYM	age	8uBr4Nr4xYM
asllex-agreement	https://youtube.com/watch?v=ng3kpuTdX6g	agreement	ng3kpuTdX6g
asllex-airplane 	https://youtube.com/watch?v=np52MbRb0TM	airplane	np52MbRb0TM
asllex-alarm	https://youtube.com/watch?v=o6AbLt8vmBw	alarm	o6AbLt8vmBw
asllex-all	https://youtube.com/watch?v=-lxp0xh1smo	all	-lxp0xh1smo
asllex-alone	https://youtube.com/watch?v=3ekpuQTDedA	alone	3ekpuQTDedA
asllex-alphabet 	https://youtube.com/watch?v=DKRMLledZ2M	alphabet	DKRMLledZ2M
asllex-amazing	https://youtube.com/watch?v=TlZK1Z41krc	amazing	TlZK1Z41krc
asllex-america	https://youtube.com/watch?v=u8qjgzr11Ik	america	u8qjgzr11Ik
asllex-and	https://youtube.com/watch?v=4copJVW6mI0	and	4copJVW6mI0
asllex-angel	https://youtube.com/watch?v=aeSz6NYz_C8	angel	aeSz6NYz_C8
asllex-angry	https://youtube.com/watch?v=YyOXjqoQcvQ	angry	YyOXjqoQcvQ
asllex-animal 	https://youtube.com/watch?v=7uGqFbh6Un4	animal	7uGqFbh6Un4
asllex-announce 	https://youtube.com/watch?v=0-fSl3iuZE4	announce	0-fSl3iuZE4
asllex-appear 	https://youtube.com/watch?v=iaISY2eSCHU	appear	iaISY2eSCHU
asllex-apple	https://youtube.com/watch?v=jVqjCsYCoMM	apple	jVqjCsYCoMM
asllex-appointment	https://youtube.com/watch?v=T3geO4kqbQw	appointment	T3geO4kqbQw
asllex-arm	https://youtube.com/watch?v=bLBLWrmByOo	arm	bLBLWrmByOo
asllex-army 	https://youtube.com/watch?v=BtAyEffmpyU	army	BtAyEffmpyU
asllex-arrive 	https://youtube.com/watch?v=5Yztl5YcS0I	arrive	5Yztl5YcS0I
asllex-art	https://youtube.com/watch?v=tN_Fkaq2qiQ	art	tN_Fkaq2qiQ
asllex-asia 	https://youtube.com/watch?v=9xVKk9RXKWQ	asia	9xVKk9RXKWQ
asllex-ask	https://youtube.com/watch?v=e9NMN5VpAWk	ask	e9NMN5VpAWk
asllex-attention	https://youtube.com/watch?v=kXWHLHNZFuM	attention	kXWHLHNZFuM
asllex-awkward	https://youtube.com/watch?v=mhrly2XQjoA	awkward	mhrly2XQjoA
asllex-baby 	https://youtube.com/watch?v=08I2GCN9YVM	baby	08I2GCN9YVM
asllex-back 	https://youtube.com/watch?v=tM18pnANcJA	back	tM18pnANcJA
asllex-bacon	https://youtube.com/watch?v=37xjuBr0xF8	bacon	37xjuBr0xF8
asllex-bad	https://youtube.com/watch?v=-kgTBeOw95A	bad	-kgTBeOw95A
asllex-bag	https://youtube.com/watch?v=Ey5cAsC6V-U	bag	Ey5cAsC6V-U
asllex-bake_1 	https://youtube.com/watch?v=PIWg0KJXdrw	bake	PIWg0KJXdrw
asllex-bake_2 	https://youtube.com/watch?v=1PIwp1JjHQs	bake	1PIwp1JjHQs
asllex-balance	https://youtube.com/watch?v=c0xdS1ZmB2c	balance	c0xdS1ZmB2c
asllex-ball 	https://youtube.com/watch?v=pqPXlU9_Chc	ball	pqPXlU9_Chc
asllex-balloon	https://youtube.com/watch?v=0j6f9C6hvSU	balloon	0j6f9C6hvSU
asllex-banana 	https://youtube.com/watch?v=4ceCCz-iatU	banana	4ceCCz-iatU
asllex-bank 	https://youtube.com/watch?v=bt344QEU2d0	bank	bt344QEU2d0
asllex-bar	https://youtube.com/watch?v=EoFo7upFN8g	bar	EoFo7upFN8g
asllex-baseball 	https://youtube.com/watch?v=t2tke15ZLhY	baseball	t2tke15ZLhY
asllex-basement 	https://youtube.com/watch?v=w1yOviGTgpw	basement	w1yOviGTgpw
asllex-basketball 	https://youtube.com/watch?v=CsqxlMUHwyg	basketball	CsqxlMUHwyg
asllex-bath 	https://youtube.com/watch?v=ezZRpQUUZqI	bath	ezZRpQUUZqI
asllex-bathroom 	https://youtube.com/watch?v=cI3AyC9DfWQ	bathroom	cI3AyC9DfWQ
asllex-battery	https://youtube.com/watch?v=q1H20xjATqo	battery	q1H20xjATqo
asllex-bear 	https://youtube.com/watch?v=sOWYYpscphg	bear	sOWYYpscphg
asllex-beard	https://youtube.com/watch?v=pH_2h_UrnX4	beard	pH_2h_UrnX4
asllex-beat 	https://youtube.com/watch?v=HM9jW5z88Pk	beat	HM9jW5z88Pk
asllex-because	https://youtube.com/watch?v=cdXPk2cbN3U	because	cdXPk2cbN3U
asllex-bed	https://youtube.com/watch?v=Rl52rS9gxSU	bed	Rl52rS9gxSU
asllex-bedroom	https://youtube.com/watch?v=U_GBuZuCOkY	bedroom	U_GBuZuCOkY
asllex-beer 	https://youtube.com/watch?v=ca5ed8JQ5qA	beer	ca5ed8JQ5qA
asllex-behavior 	https://youtube.com/watch?v=JocjfqfnTLo	behavior	JocjfqfnTLo
asllex-behind 	https://youtube.com/watch?v=Qw59mUm6ioU	behind	Qw59mUm6ioU
asllex-believe	https://youtube.com/watch?v=1EB4fvsQV_4	believe	1EB4fvsQV_4
asllex-belt 	https://youtube.com/watch?v=X9c1_4jIX9M	belt	X9c1_4jIX9M
asllex-benefit	https://youtube.com/watch?v=V9Yh8TUscOg	benefit	V9Yh8TUscOg
asllex-bicycle	https://youtube.com/watch?v=ryS7dkPGsXc	bicycle	ryS7dkPGsXc
asllex-binoculars 	https://youtube.com/watch?v=QcVAQ0fNCSU	binoculars	QcVAQ0fNCSU
asllex-biology	https://youtube.com/watch?v=Tbe0bwfpeiM	biology	Tbe0bwfpeiM
asllex-bird 	https://youtube.com/watch?v=pq-48yqB8kM	bird	pq-48yqB8kM
asllex-birth	https://youtube.com/watch?v=1OZ_oXlufa0	birth	1OZ_oXlufa0
asllex-birthday 	https://youtube.com/watch?v=Kn_IKf8zC1w	birthday	Kn_IKf8zC1w
asllex-black	https://youtube.com/watch?v=kCT-we5dguI	black	kCT-we5dguI
asllex-blanket	https://youtube.com/watch?v=zvl9WNR_Jco	blanket	zvl9WNR_Jco
asllex-blind	https://youtube.com/watch?v=hsoG6v2prfU	blind	hsoG6v2prfU
asllex-blinds_1 	https://youtube.com/watch?v=iTjjPHNyp3s	blinds	iTjjPHNyp3s
asllex-blinds_2 	https://youtube.com/watch?v=mszXFvbqZgk	blinds	mszXFvbqZgk
asllex-blood	https://youtube.com/watch?v=HG3nIRWzkzQ	blood	HG3nIRWzkzQ
asllex-blue 	https://youtube.com/watch?v=b_4KkOWYXIU	blue	b_4KkOWYXIU
asllex-boat 	https://youtube.com/watch?v=HBORZzQr1SY	boat	HBORZzQr1SY
asllex-body 	https://youtube.com/watch?v=jRVH-ssJgvY	body	jRVH-ssJgvY
asllex-bone 	https://youtube.com/watch?v=U8KcDY1_m-M	bone	U8KcDY1_m-M
asllex-book 	https://youtube.com/watch?v=3-GrhsVs830	book	3-GrhsVs830
asllex-boots	https://youtube.com/watch?v=6uFrRZ2-yMA	boots	6uFrRZ2-yMA
asllex-bored	https://youtube.com/watch?v=m7HMAM7YYSM	bored	m7HMAM7YYSM
asllex-borrow 	https://youtube.com/watch?v=wxhJSF28aD0	borrow	wxhJSF28aD0
asllex-boss 	https://youtube.com/watch?v=FsFPxl8S0Jk	boss	FsFPxl8S0Jk
asllex-bottle 	https://youtube.com/watch?v=jIGF7yOCg9k	bottle	jIGF7yOCg9k
asllex-bowl 	https://youtube.com/watch?v=yMcIeVP87AU	bowl	yMcIeVP87AU
asllex-bowling	https://youtube.com/watch?v=GZ_G19YmWO8	bowling	GZ_G19YmWO8
asllex-bowtie 	https://youtube.com/watch?v=hF1L75tA0jU	bowtie	hF1L75tA0jU
asllex-box	https://youtube.com/watch?v=bcOnQpUXr3I	box	bcOnQpUXr3I
asllex-boy	https://youtube.com/watch?v=s7SmV4gec-U	boy	s7SmV4gec-U
asllex-bra	https://youtube.com/watch?v=TGViEqVGBjQ	bra	TGViEqVGBjQ
asllex-bracelet 	https://youtube.com/watch?v=4wiQljLEcGw	bracelet	4wiQljLEcGw
asllex-brag 	https://youtube.com/watch?v=nDQ4Lz1jQ6k	brag	nDQ4Lz1jQ6k
asllex-brave	https://youtube.com/watch?v=4SLIENduVYU	brave	4SLIENduVYU
asllex-bread	https://youtube.com/watch?v=Whwbh77dGpU	bread	Whwbh77dGpU
asllex-break	https://youtube.com/watch?v=ouQqDPzcMrg	break	ouQqDPzcMrg
asllex-breakdown	https://youtube.com/watch?v=SLrW2wRCilg	breakdown	SLrW2wRCilg
asllex-breathe	https://youtube.com/watch?v=ThDaGZBf0s0	breathe	ThDaGZBf0s0
asllex-bridesmaid 	https://youtube.com/watch?v=K-TfpY6OFLc	bridesmaid	K-TfpY6OFLc
asllex-bridge 	https://youtube.com/watch?v=r62xNv5zoNA	bridge	r62xNv5zoNA
asllex-brother	https://youtube.com/watch?v=0j1ddj7K5X8	brother	0j1ddj7K5X8
asllex-brown	https://youtube.com/watch?v=v0PgAPiUeHk	brown	v0PgAPiUeHk
asllex-brush	https://youtube.com/watch?v=d4wPiaT1uMI	brush	d4wPiaT1uMI
asllex-bug	https://youtube.com/watch?v=zO5858E1Dd8	bug	zO5858E1Dd8
asllex-building 	https://youtube.com/watch?v=-MxmnqaB3xg	building	-MxmnqaB3xg
asllex-business 	https://youtube.com/watch?v=wX1Vwn5ASzM	business	wX1Vwn5ASzM
asllex-but	https://youtube.com/watch?v=A1nZLK4Qodw	but	A1nZLK4Qodw
asllex-butter 	https://youtube.com/watch?v=CFv4VdDh0SY	butter	CFv4VdDh0SY
asllex-butterfly	https://youtube.com/watch?v=r4DO7DVaHik	butterfly	r4DO7DVaHik
asllex-buy	https://youtube.com/watch?v=-dvQ-z8mVlM	buy	-dvQ-z8mVlM
asllex-cabbage	https://youtube.com/watch?v=w4CMeLXFcOw	lettuce	w4CMeLXFcOw
asllex-cabinet	https://youtube.com/watch?v=n00yQ59JOPA	cabinet	n00yQ59JOPA
asllex-cafeteria	https://youtube.com/watch?v=KmDKguy0lTg	cafeteria	KmDKguy0lTg
asllex-cake 	https://youtube.com/watch?v=yfiKB4ZSyHk	cake	yfiKB4ZSyHk
asllex-calendar 	https://youtube.com/watch?v=5uIefae4m44	calendar	5uIefae4m44
asllex-call 	https://youtube.com/watch?v=oroJy8hOvpc	call	oroJy8hOvpc
asllex-call_attention 	https://youtube.com/watch?v=04Uok9Rco8I	call attention	04Uok9Rco8I
asllex-call_tty 	https://youtube.com/watch?v=dSYPHo5AatI	call tty	dSYPHo5AatI
asllex-camera 	https://youtube.com/watch?v=XR0UdLqHbio	camera	XR0UdLqHbio
asllex-camping	https://youtube.com/watch?v=bhcHE-iWyi4	camping	bhcHE-iWyi4
asllex-can	https://youtube.com/watch?v=XKsE3bqirCc	can	XKsE3bqirCc
asllex-canada 	https://youtube.com/watch?v=x8ovlu130a8	canada	x8ovlu130a8
asllex-cancellation 	https://youtube.com/watch?v=M299vjHAFIA	cancellation	M299vjHAFIA
asllex-candle 	https://youtube.com/watch?v=a_8GO2Wo9YA	candle	a_8GO2Wo9YA
asllex-candy_1	https://youtube.com/watch?v=kymMYu5qPhY	candy	kymMYu5qPhY
asllex-candy_2	https://youtube.com/watch?v=xK2QEO7Xld4	candy	xK2QEO7Xld4
asllex-canoe	https://youtube.com/watch?v=CvVXJC5Glwk	canoe	CvVXJC5Glwk
asllex-caption	https://youtube.com/watch?v=s6cs9Stu5_A	caption	s6cs9Stu5_A
asllex-car	https://youtube.com/watch?v=bpaD9jjVXuk	car	bpaD9jjVXuk
asllex-careful	https://youtube.com/watch?v=ltUxgwLA__8	careful	ltUxgwLA__8
asllex-carrot 	https://youtube.com/watch?v=LdbzhGeCc3E	carrot	LdbzhGeCc3E
asllex-castle 	https://youtube.com/watch?v=a63CVpUMBps	castle	a63CVpUMBps
asllex-cat	https://youtube.com/watch?v=6EEK-SECVDo	cat	6EEK-SECVDo
asllex-catholic 	https://youtube.com/watch?v=yh2VpUOJx5c	catholic	yh2VpUOJx5c
asllex-cause	https://youtube.com/watch?v=Dd7YKEE1buc	cause	Dd7YKEE1buc
asllex-center 	https://youtube.com/watch?v=Z4fCvo5QWkI	center	Z4fCvo5QWkI
asllex-cereal 	https://youtube.com/watch?v=Vmwa9EII64U	cereal	Vmwa9EII64U
asllex-certificate	https://youtube.com/watch?v=ovA0ONwZgyk	certificate	ovA0ONwZgyk
asllex-chair	https://youtube.com/watch?v=K47c4lIJQvI	chair	K47c4lIJQvI
asllex-challenge	https://youtube.com/watch?v=_W2JEF5Kwa8	challenge	_W2JEF5Kwa8
asllex-chance 	https://youtube.com/watch?v=LFWOUYJ2GUU	chance	LFWOUYJ2GUU
asllex-channel	https://youtube.com/watch?v=pv3MkSI7yiE	channel	pv3MkSI7yiE
asllex-character	https://youtube.com/watch?v=easwV4xtJSw	character	easwV4xtJSw
asllex-chat 	https://youtube.com/watch?v=XZm-TwV5Llg	chat	XZm-TwV5Llg
asllex-cheat_1	https://youtube.com/watch?v=lmWVuurMMOc	cheat	lmWVuurMMOc
asllex-cheat_2	https://youtube.com/watch?v=U2Nf3gOSPhg	cheat	U2Nf3gOSPhg
asllex-check	https://youtube.com/watch?v=x-woI4apbkY	check	x-woI4apbkY
asllex-cheese 	https://youtube.com/watch?v=3NqQk0cNPA0	cheese	3NqQk0cNPA0
asllex-cherry 	https://youtube.com/watch?v=cnGVguk62xc	cherry	cnGVguk62xc
asllex-chicago	https://youtube.com/watch?v=12RPQTexDYU	chicago	12RPQTexDYU
asllex-children 	https://youtube.com/watch?v=PyqbiNUL-lY	children	PyqbiNUL-lY
asllex-china	https://youtube.com/watch?v=qv2pBbiCUz0	china	qv2pBbiCUz0
asllex-chocolate	https://youtube.com/watch?v=buOvgbxk0hQ	chocolate	buOvgbxk0hQ
asllex-church 	https://youtube.com/watch?v=5l1FtsYkTDI	church	5l1FtsYkTDI
asllex-cigar	https://youtube.com/watch?v=EIkaCfVigqU	cigar	EIkaCfVigqU
asllex-cigarette	https://youtube.com/watch?v=3oC1IiOmxbQ	cigarette	3oC1IiOmxbQ
asllex-city 	https://youtube.com/watch?v=DV17xsFO5Jg	city	DV17xsFO5Jg
asllex-class	https://youtube.com/watch?v=Myn8y2k4Vsg	class	Myn8y2k4Vsg
asllex-clear	https://youtube.com/watch?v=ePC-vnxPa50	clear	ePC-vnxPa50
asllex-clock	https://youtube.com/watch?v=ssDAJyrJndA	clock	ssDAJyrJndA
asllex-cloud_1	https://youtube.com/watch?v=FrYXL72nqm8	cloud	FrYXL72nqm8
asllex-cloud_2	https://youtube.com/watch?v=dHkSlCpVntU	cloud	dHkSlCpVntU
asllex-clown	https://youtube.com/watch?v=b7gGP_QRFN0	clown	b7gGP_QRFN0
asllex-cocacola 	https://youtube.com/watch?v=XwC2inbF1cs	cocacola	XwC2inbF1cs
asllex-coconut	https://youtube.com/watch?v=ne5BJcWiuhI	coconut	ne5BJcWiuhI
asllex-coffee 	https://youtube.com/watch?v=dBm92x_A4M4	coffee	dBm92x_A4M4
asllex-coins	https://youtube.com/watch?v=4T1yS3OFTXs	coins	4T1yS3OFTXs
asllex-cold 	https://youtube.com/watch?v=EQJ7BYa01Co	cold	EQJ7BYa01Co
asllex-college	https://youtube.com/watch?v=H1Axlp1fLIU	college	H1Axlp1fLIU
asllex-color	https://youtube.com/watch?v=7Do9s2qJpeA	color	7Do9s2qJpeA
asllex-comb 	https://youtube.com/watch?v=mhs-VBKXJGU	comb	mhs-VBKXJGU
asllex-come 	https://youtube.com/watch?v=5Qrm3srw_MU	come	5Qrm3srw_MU
asllex-communication	https://youtube.com/watch?v=oXqY5W4poWA	communication	oXqY5W4poWA
asllex-complex	https://youtube.com/watch?v=JiDDTuCbAbk	complex	JiDDTuCbAbk
asllex-computer 	https://youtube.com/watch?v=u1xoXux2NaE	computer	u1xoXux2NaE
asllex-computer_mouse 	https://youtube.com/watch?v=LCuYXeE1Ul4	computer mouse	LCuYXeE1Ul4
asllex-concept	https://youtube.com/watch?v=RYp8k7OPuog	concept	RYp8k7OPuog
asllex-confident	https://youtube.com/watch?v=7Vvqlum0WF0	confident	7Vvqlum0WF0
asllex-congratulations	https://youtube.com/watch?v=GW424UjxwfA	congratulations	GW424UjxwfA
asllex-contact	https://youtube.com/watch?v=ZL0TN3UN4nA	contact	ZL0TN3UN4nA
asllex-continue 	https://youtube.com/watch?v=r5xP82M5ctY	continue	r5xP82M5ctY
asllex-cook 	https://youtube.com/watch?v=lvwn7OAGJWk	cook	lvwn7OAGJWk
asllex-cookie 	https://youtube.com/watch?v=_v3tnw-SLDc	cookie	_v3tnw-SLDc
asllex-copy 	https://youtube.com/watch?v=czmcAskan8Y	copy	czmcAskan8Y
asllex-corkscrew	https://youtube.com/watch?v=aCc49PMo6s0	corkscrew	aCc49PMo6s0
asllex-corn_1 	https://youtube.com/watch?v=lPM0S5NBl_0	corn	lPM0S5NBl_0
asllex-corn_2 	https://youtube.com/watch?v=0C7Gfubq690	corn	0C7Gfubq690
asllex-cough	https://youtube.com/watch?v=kpLPR6He6dg	cough	kpLPR6He6dg
asllex-counselor	https://youtube.com/watch?v=tkspIdJVLZo	counselor	tkspIdJVLZo
asllex-country	https://youtube.com/watch?v=LDho1My2rLE	country	LDho1My2rLE
asllex-cousin 	https://youtube.com/watch?v=mBNbzPNTVqk	cousin	mBNbzPNTVqk
asllex-cover_up 	https://youtube.com/watch?v=Ll_RrgKWGQs	cover up	Ll_RrgKWGQs
asllex-cow	https://youtube.com/watch?v=VO9nCXjgMW4	cow	VO9nCXjgMW4
asllex-cracker	https://youtube.com/watch?v=c4kEBqhREVg	cracker	c4kEBqhREVg
asllex-crawl	https://youtube.com/watch?v=FE80BGzpa7o	crawl	FE80BGzpa7o
asllex-crazy	https://youtube.com/watch?v=m0qpZW7MeSM	crazy	m0qpZW7MeSM
asllex-create 	https://youtube.com/watch?v=Jx_UZR3Ccfw	create	Jx_UZR3Ccfw
asllex-credit_card	https://youtube.com/watch?v=SNosn6Kl958	credit card	SNosn6Kl958
asllex-crocodile	https://youtube.com/watch?v=lAxTaACtidc	crocodile	lAxTaACtidc
asllex-cross	https://youtube.com/watch?v=crK-EVwpii8	cross	crK-EVwpii8
asllex-cry	https://youtube.com/watch?v=TcODOeucG60	cry	TcODOeucG60
asllex-cup	https://youtube.com/watch?v=WfTb4Ez1Ivs	cup	WfTb4Ez1Ivs
asllex-curtain	https://youtube.com/watch?v=uTaOLoLLK8o	curtain	uTaOLoLLK8o
asllex-cute_1 	https://youtube.com/watch?v=Tpd0LRCDzsY	cute	Tpd0LRCDzsY
asllex-cute_2 	https://youtube.com/watch?v=SRF4kTJWSBQ	cute	SRF4kTJWSBQ
asllex-dance	https://youtube.com/watch?v=vrAcHSfVt88	dance	vrAcHSfVt88
asllex-dancer 	https://youtube.com/watch?v=TdTdQchgGog	dancer	TdTdQchgGog
asllex-dart 	https://youtube.com/watch?v=GdMqk2jXuc0	dart	GdMqk2jXuc0
asllex-day	https://youtube.com/watch?v=mcv4l7iIeaI	day	mcv4l7iIeaI
asllex-death	https://youtube.com/watch?v=PYp2EXhIQJs	death	PYp2EXhIQJs
asllex-decide_1 	https://youtube.com/watch?v=0F7ugTN-VX8	decide	0F7ugTN-VX8
asllex-decide_2 	https://youtube.com/watch?v=AFkia1eR0_E	decide	AFkia1eR0_E
asllex-deep 	https://youtube.com/watch?v=yBEoFX3PTFU	deep	yBEoFX3PTFU
asllex-deer 	https://youtube.com/watch?v=8jFBkxz_KxA	deer	8jFBkxz_KxA
asllex-delicious	https://youtube.com/watch?v=qam8P_wUuhg	delicious	qam8P_wUuhg
asllex-demand 	https://youtube.com/watch?v=8HcUukhmwv8	demand	8HcUukhmwv8
asllex-dentist	https://youtube.com/watch?v=hFYz2cLYRQw	dentist	hFYz2cLYRQw
asllex-deny 	https://youtube.com/watch?v=ewweiOsMTP0	deny	ewweiOsMTP0
asllex-deodorant	https://youtube.com/watch?v=tyH8EqLtZsA	deodorant	tyH8EqLtZsA
asllex-department 	https://youtube.com/watch?v=yrWXH8oGYgU	department	yrWXH8oGYgU
asllex-desert 	https://youtube.com/watch?v=Lr-4SpbFHR8	desert	Lr-4SpbFHR8
asllex-devil	https://youtube.com/watch?v=RoTB6AOLlsw	devil	RoTB6AOLlsw
asllex-diamond	https://youtube.com/watch?v=5wRPzKVSH70	diamond	5wRPzKVSH70
asllex-diaper 	https://youtube.com/watch?v=CJP4h6IP3YM	diaper	CJP4h6IP3YM
asllex-dice 	https://youtube.com/watch?v=qNH3OR0iBI8	dice	qNH3OR0iBI8
asllex-die	https://youtube.com/watch?v=8kQ9HH8DMxw	die	8kQ9HH8DMxw
asllex-dinosaur 	https://youtube.com/watch?v=YHqx4bCmG40	dinosaur	YHqx4bCmG40
asllex-dirty	https://youtube.com/watch?v=gQsIUo46pJU	dirty	gQsIUo46pJU
asllex-disagreement 	https://youtube.com/watch?v=x-fgzO4dJp4	disagreement	x-fgzO4dJp4
asllex-disappear	https://youtube.com/watch?v=GLLXB6fPYZM	disappear	GLLXB6fPYZM
asllex-disney 	https://youtube.com/watch?v=bT63KOk4WN8	disney	bT63KOk4WN8
asllex-dive 	https://youtube.com/watch?v=EAh4a3urnnc	dive	EAh4a3urnnc
asllex-divorce	https://youtube.com/watch?v=66grF_7ckhY	divorce	66grF_7ckhY
asllex-doctor 	https://youtube.com/watch?v=sSpld6bXlM0	doctor	sSpld6bXlM0
asllex-dog	https://youtube.com/watch?v=-9AsKTaXwH8	dog	-9AsKTaXwH8
asllex-doll 	https://youtube.com/watch?v=9EilzlM1iSk	doll	9EilzlM1iSk
asllex-dolphin	https://youtube.com/watch?v=H3LR3WWunv0	dolphin	H3LR3WWunv0
asllex-dont_mind	https://youtube.com/watch?v=8joR2h4fR28	dont mind	8joR2h4fR28
asllex-door 	https://youtube.com/watch?v=_tGFUbZjhKs	door	_tGFUbZjhKs
asllex-dormitory	https://youtube.com/watch?v=FF2EFMe5poA	dormitory	FF2EFMe5poA
asllex-doubt	https://youtube.com/watch?v=mclNocCeGUY	doubt	mclNocCeGUY
asllex-download 	https://youtube.com/watch?v=KCCPmO4r_wo	download	KCCPmO4r_wo
asllex-downsize_1 	https://youtube.com/watch?v=FH2DJMVTvJs	downsize	FH2DJMVTvJs
asllex-downsize_2 	https://youtube.com/watch?v=in-UschlHo4	downsize	in-UschlHo4
asllex-draw 	https://youtube.com/watch?v=9dNb5vq6YZc	draw	9dNb5vq6YZc
asllex-drawer 	https://youtube.com/watch?v=aX7zqGLRunU	drawer	aX7zqGLRunU
asllex-dream	https://youtube.com/watch?v=Z7XeAFTDbYc	dream	Z7XeAFTDbYc
asllex-dress	https://youtube.com/watch?v=sgN-tC__yGI	dress	sgN-tC__yGI
asllex-drill	https://youtube.com/watch?v=I78DwPbnvFg	drill	I78DwPbnvFg
asllex-drink	https://youtube.com/watch?v=yawcLQIhQiE	drink	yawcLQIhQiE
asllex-drop 	https://youtube.com/watch?v=4L323LDgLJg	drop	4L323LDgLJg
asllex-drown	https://youtube.com/watch?v=SibmAda0HbU	drown	SibmAda0HbU
asllex-drum 	https://youtube.com/watch?v=7kIikiyextU	drum	7kIikiyextU
asllex-drunk	https://youtube.com/watch?v=APIsWlQ6eBw	drunk	APIsWlQ6eBw
asllex-dryer	https://youtube.com/watch?v=VIJrmoZ-nzU	dryer	VIJrmoZ-nzU
asllex-duck 	https://youtube.com/watch?v=BlPSqdS6Bjs	duck	BlPSqdS6Bjs
asllex-dumb 	https://youtube.com/watch?v=bC-DYVaDxyU	dumb	bC-DYVaDxyU
asllex-eagle	https://youtube.com/watch?v=gPPmu_SnPI4	eagle	gPPmu_SnPI4
asllex-ear	https://youtube.com/watch?v=VgJDUdKlOmg	ear	VgJDUdKlOmg
asllex-earn 	https://youtube.com/watch?v=CwN54pytSnQ	earn	CwN54pytSnQ
asllex-earring	https://youtube.com/watch?v=Y4zo-SFbJdo	earring	Y4zo-SFbJdo
asllex-earth	https://youtube.com/watch?v=LOc9LJNA7kw	earth	LOc9LJNA7kw
asllex-earthquake 	https://youtube.com/watch?v=ME-0naFQOdY	earthquake	ME-0naFQOdY
asllex-east 	https://youtube.com/watch?v=9k9ZtumEPLs	east	9k9ZtumEPLs
asllex-easy 	https://youtube.com/watch?v=uhlOam0rw90	easy	uhlOam0rw90
asllex-eat_1	https://youtube.com/watch?v=FSxHpeiCuBc	eat	FSxHpeiCuBc
asllex-eat_2	https://youtube.com/watch?v=QkTP_AyKk_k	eat	QkTP_AyKk_k
asllex-egg	https://youtube.com/watch?v=wSzoQOr4R9w	egg	wSzoQOr4R9w
asllex-ego	https://youtube.com/watch?v=0xJuJs8V5tI	ego	0xJuJs8V5tI
asllex-egypt	https://youtube.com/watch?v=ofSGyCpfgWA	egypt	ofSGyCpfgWA
asllex-electrician	https://youtube.com/watch?v=BaGD844kpbI	electrician	BaGD844kpbI
asllex-elegance 	https://youtube.com/watch?v=_1Z3k4Fj-7Y	elegance	_1Z3k4Fj-7Y
asllex-elephant 	https://youtube.com/watch?v=pjYU49Nw1GU	elephant	pjYU49Nw1GU
asllex-email	https://youtube.com/watch?v=yi2gZ2Bhox0	email	yi2gZ2Bhox0
asllex-embarrass	https://youtube.com/watch?v=2qyQurwyqAk	embarrass	2qyQurwyqAk
asllex-emotion	https://youtube.com/watch?v=h40YOCgX-ZU	emotion	h40YOCgX-ZU
asllex-emperor	https://youtube.com/watch?v=1a3n6iXXqDM	emperor	1a3n6iXXqDM
asllex-engagement 	https://youtube.com/watch?v=Sby0gj8kSPQ	engagement	Sby0gj8kSPQ
asllex-engineer 	https://youtube.com/watch?v=b8VLZOUOFME	engineer	b8VLZOUOFME
asllex-english	https://youtube.com/watch?v=giPrsCzLU6Q	english	giPrsCzLU6Q
asllex-enjoy	https://youtube.com/watch?v=OL02Odh2dRg	enjoy	OL02Odh2dRg
asllex-enough 	https://youtube.com/watch?v=1bbQmCywhzI	enough	1bbQmCywhzI
asllex-envelope 	https://youtube.com/watch?v=v2A3qbwbhVk	envelope	v2A3qbwbhVk
asllex-equal	https://youtube.com/watch?v=c_ViZYrudGA	equal	c_ViZYrudGA
asllex-eraser 	https://youtube.com/watch?v=24jiibHaswo	eraser	24jiibHaswo
asllex-europe 	https://youtube.com/watch?v=JrqeaM5paUI	europe	JrqeaM5paUI
asllex-evaluate 	https://youtube.com/watch?v=P1e8dAwLMBg	evaluate	P1e8dAwLMBg
asllex-evening	https://youtube.com/watch?v=0rL7A-5Ocfo	night	0rL7A-5Ocfo
asllex-excuse 	https://youtube.com/watch?v=08b0Xn0n3tw	excuse	08b0Xn0n3tw
asllex-exercise 	https://youtube.com/watch?v=6mw1hpAPhT4	exercise	6mw1hpAPhT4
asllex-expensive	https://youtube.com/watch?v=gOcwZL2PcqY	expensive	gOcwZL2PcqY
asllex-experience 	https://youtube.com/watch?v=rhlK_RrPVkw	experience	rhlK_RrPVkw
asllex-explanation	https://youtube.com/watch?v=8DgwbrzE82E	explanation	8DgwbrzE82E
asllex-eyeglasses 	https://youtube.com/watch?v=Enn3GL6Mufs	eyeglasses	Enn3GL6Mufs
asllex-eyes 	https://youtube.com/watch?v=d-mVTEWQ-08	eyes	d-mVTEWQ-08
asllex-fall_1 	https://youtube.com/watch?v=zGqeBzJE7AQ	fall	zGqeBzJE7AQ
asllex-fall_2 	https://youtube.com/watch?v=M5QZepDZrlc	fall	M5QZepDZrlc
asllex-family 	https://youtube.com/watch?v=Yuif86dOrEY	family	Yuif86dOrEY
asllex-far	https://youtube.com/watch?v=fpCyfaQ5bXY	far	fpCyfaQ5bXY
asllex-farm 	https://youtube.com/watch?v=XD2zIPH-b4c	farm	XD2zIPH-b4c
asllex-fast 	https://youtube.com/watch?v=rwLDhYyRlts	fast	rwLDhYyRlts
asllex-fat	https://youtube.com/watch?v=6YMP-1Ccx8g	fat	6YMP-1Ccx8g
asllex-father 	https://youtube.com/watch?v=0LUoVGzdENo	father	0LUoVGzdENo
asllex-faucet 	https://youtube.com/watch?v=u3UKTXu4odw	faucet	u3UKTXu4odw
asllex-fault	https://youtube.com/watch?v=0ECfQkHh-Cg	fault	0ECfQkHh-Cg
asllex-favorite 	https://youtube.com/watch?v=ru4xwBQQ7xk	favorite	ru4xwBQQ7xk
asllex-february 	https://youtube.com/watch?v=3kqvOzNeU2w	february	3kqvOzNeU2w
asllex-feel 	https://youtube.com/watch?v=VjSEIVJKae4	feel	VjSEIVJKae4
asllex-few	https://youtube.com/watch?v=K5j_WJsthY0	few	K5j_WJsthY0
asllex-fight	https://youtube.com/watch?v=sjDdtdNYML4	fight	sjDdtdNYML4
asllex-figure 	https://youtube.com/watch?v=9xenqfFjD7U	figure	9xenqfFjD7U
asllex-film 	https://youtube.com/watch?v=I3q3K92JNck	film	I3q3K92JNck
asllex-finally	https://youtube.com/watch?v=eCVLTMJuhvk	finally	eCVLTMJuhvk
asllex-find 	https://youtube.com/watch?v=iLvmhE7joFg	find	iLvmhE7joFg
asllex-fine_1 	https://youtube.com/watch?v=2RLybfKx4Js	fine	2RLybfKx4Js
asllex-fine_2 	https://youtube.com/watch?v=lTp1ICCGCxA	fine	lTp1ICCGCxA
asllex-fingerspell	https://youtube.com/watch?v=uq_no2sFft4	fingerspell	uq_no2sFft4
asllex-fingerspelling 	https://youtube.com/watch?v=g_of87Qx7Vs	fingerspelling	g_of87Qx7Vs
asllex-finish 	https://youtube.com/watch?v=_1MKB3Avehs	finish	_1MKB3Avehs
asllex-fire 	https://youtube.com/watch?v=fNHfZJZMnIU	fire	fNHfZJZMnIU
asllex-fireman	https://youtube.com/watch?v=Ksai5QpbzHM	fireman	Ksai5QpbzHM
asllex-first	https://youtube.com/watch?v=y2qGwZW9V4g	first	y2qGwZW9V4g
asllex-fish 	https://youtube.com/watch?v=61B8V3YHlqg	fish	61B8V3YHlqg
asllex-fishing	https://youtube.com/watch?v=nYpQTK6r1ww	fishing	nYpQTK6r1ww
asllex-flag 	https://youtube.com/watch?v=wX3nAn_EbyQ	flag	wX3nAn_EbyQ
asllex-flashlight 	https://youtube.com/watch?v=QTItWzoRGN0	flashlight	QTItWzoRGN0
asllex-floor	https://youtube.com/watch?v=yRovyFQ3u2s	floor	yRovyFQ3u2s
asllex-flower 	https://youtube.com/watch?v=txhW46fHa4k	flower	txhW46fHa4k
asllex-fly	https://youtube.com/watch?v=8K9PF3pjz0M	fly	8K9PF3pjz0M
asllex-football 	https://youtube.com/watch?v=rALpH4aCRzo	football	rALpH4aCRzo
asllex-for	https://youtube.com/watch?v=RVEhF9vh9BA	for	RVEhF9vh9BA
asllex-forbid 	https://youtube.com/watch?v=3gmdk1iEH70	forbid	3gmdk1iEH70
asllex-foreigner_1	https://youtube.com/watch?v=0SLUAxAfp8E	foreigner	0SLUAxAfp8E
asllex-foreigner_2	https://youtube.com/watch?v=vOSgxukhA_o	foreigner	vOSgxukhA_o
asllex-forever	https://youtube.com/watch?v=P-zG44T73rA	forever	P-zG44T73rA
asllex-forfeit	https://youtube.com/watch?v=lUb6m6aT8H0	forfeit	lUb6m6aT8H0
asllex-forgetful	https://youtube.com/watch?v=7tImzGcXzx8	forgetful	7tImzGcXzx8
asllex-four 	https://youtube.com/watch?v=OXht3Dy0ncQ	four	OXht3Dy0ncQ
asllex-fox	https://youtube.com/watch?v=rUAbVUxaL0Y	fox	rUAbVUxaL0Y
asllex-france 	https://youtube.com/watch?v=j9KIOX0J82Q	france	j9KIOX0J82Q
asllex-fraud	https://youtube.com/watch?v=u0DN7_FKddI	fraud	u0DN7_FKddI
asllex-freckles 	https://youtube.com/watch?v=D4BqJ77uJQ4	freckles	D4BqJ77uJQ4
asllex-freeway	https://youtube.com/watch?v=BfllhAgJS4I	freeway	BfllhAgJS4I
asllex-french 	https://youtube.com/watch?v=LeL2J-3eUsQ	french	LeL2J-3eUsQ
asllex-frenchfries	https://youtube.com/watch?v=9ghi6HpeHnw	frenchfries	9ghi6HpeHnw
asllex-friday 	https://youtube.com/watch?v=maSirPyEQ7o	friday	maSirPyEQ7o
asllex-friend 	https://youtube.com/watch?v=VXN_PVcYgKc	friend	VXN_PVcYgKc
asllex-friendly 	https://youtube.com/watch?v=XU-Td6ZVTJ8	friendly	XU-Td6ZVTJ8
asllex-frog 	https://youtube.com/watch?v=fK1F0KZ9oBA	frog	fK1F0KZ9oBA
asllex-from 	https://youtube.com/watch?v=4kAC3haiefE	from	4kAC3haiefE
asllex-front	https://youtube.com/watch?v=86TZftf98zc	front	86TZftf98zc
asllex-fruit	https://youtube.com/watch?v=4wyajy6ObOo	fruit	4wyajy6ObOo
asllex-frustrate	https://youtube.com/watch?v=JT8gLneqT2E	frustrate	JT8gLneqT2E
asllex-full 	https://youtube.com/watch?v=vMLkIHIe_fA	full	vMLkIHIe_fA
asllex-furniture	https://youtube.com/watch?v=V3pQpgRSfiI	furniture	V3pQpgRSfiI
asllex-future 	https://youtube.com/watch?v=TylnbSUHUmU	future	TylnbSUHUmU
asllex-gallaudet	https://youtube.com/watch?v=5aHfkQyhzk8	gallaudet	5aHfkQyhzk8
asllex-game 	https://youtube.com/watch?v=iOxb7dWWa2E	game	iOxb7dWWa2E
asllex-garage 	https://youtube.com/watch?v=7QAwcKMCU6Q	garage	7QAwcKMCU6Q
asllex-gas	https://youtube.com/watch?v=hZSP_fRyH4s	gas	hZSP_fRyH4s
asllex-gay	https://youtube.com/watch?v=IZGrX2xbdac	gay	IZGrX2xbdac
asllex-germany	https://youtube.com/watch?v=bSKaSDS528c	germany	bSKaSDS528c
asllex-get	https://youtube.com/watch?v=BkBJa8psZ-M	get	BkBJa8psZ-M
asllex-giraffe	https://youtube.com/watch?v=vxXfHCjMLvI	giraffe	vxXfHCjMLvI
asllex-girl 	https://youtube.com/watch?v=BplLBwbCc_0	girl	BplLBwbCc_0
asllex-glasses	https://youtube.com/watch?v=pLkrF4guZFU	glasses	pLkrF4guZFU
asllex-glove	https://youtube.com/watch?v=BvYedmU1AYY	glove	BvYedmU1AYY
asllex-gloves 	https://youtube.com/watch?v=7hB7LfL_nKw	gloves	7hB7LfL_nKw
asllex-glow 	https://youtube.com/watch?v=m_8-D5aHI04	glow	m_8-D5aHI04
asllex-go 	https://youtube.com/watch?v=QfVrSA3yrSc	go	QfVrSA3yrSc
asllex-goat 	https://youtube.com/watch?v=1Ly4GGlhHY4	goat	1Ly4GGlhHY4
asllex-god	https://youtube.com/watch?v=OicNRSMCAcM	god	OicNRSMCAcM
asllex-gold 	https://youtube.com/watch?v=xnA9DqV1qHE	gold	xnA9DqV1qHE
asllex-golf 	https://youtube.com/watch?v=iRxesWqFEtk	golf	iRxesWqFEtk
asllex-good 	https://youtube.com/watch?v=nTaaoVc75-k	good	nTaaoVc75-k
asllex-gorilla	https://youtube.com/watch?v=hLWnFnyTV4s	gorilla	hLWnFnyTV4s
asllex-gossip 	https://youtube.com/watch?v=HAwJ6tPCDnQ	gossip	HAwJ6tPCDnQ
asllex-government 	https://youtube.com/watch?v=ZcFkE7qjmcc	government	ZcFkE7qjmcc
asllex-graduate 	https://youtube.com/watch?v=aciHfU1IrCc	graduate	aciHfU1IrCc
asllex-grandfather	https://youtube.com/watch?v=h2zd_RybSpg	grandfather	h2zd_RybSpg
asllex-grandmother	https://youtube.com/watch?v=3anCbYXY_bM	grandmother	3anCbYXY_bM
asllex-grapes 	https://youtube.com/watch?v=ES4G2KOmJ_w	grapes	ES4G2KOmJ_w
asllex-grass	https://youtube.com/watch?v=ADHT3JOZBvg	grass	ADHT3JOZBvg
asllex-greece 	https://youtube.com/watch?v=ph5jwzCTLsY	greece	ph5jwzCTLsY
asllex-green	https://youtube.com/watch?v=-_amEuxo4-c	green	-_amEuxo4-c
asllex-grow 	https://youtube.com/watch?v=bzE4Zw9gIAI	grow	bzE4Zw9gIAI
asllex-guess_1	https://youtube.com/watch?v=gc2CW3TlT1g	guess	gc2CW3TlT1g
asllex-guess_2	https://youtube.com/watch?v=zGNI5i6yhxA	guess	zGNI5i6yhxA
asllex-guilty 	https://youtube.com/watch?v=23fce67_-YY	guilty	23fce67_-YY
asllex-guitar 	https://youtube.com/watch?v=XuiFHfNxm24	guitar	XuiFHfNxm24
asllex-gullible 	https://youtube.com/watch?v=gBZgT9GWoGI	gullible	gBZgT9GWoGI
asllex-gun	https://youtube.com/watch?v=saih4S5W558	gun	saih4S5W558
asllex-hair 	https://youtube.com/watch?v=YIbZVZ-67nA	hair	YIbZVZ-67nA
asllex-haircut	https://youtube.com/watch?v=KuwMnCeFfSk	haircut	KuwMnCeFfSk
asllex-hairdryer	https://youtube.com/watch?v=6R-RawroHNI	hairdryer	6R-RawroHNI
asllex-hamburger	https://youtube.com/watch?v=b_zk9ogui-0	hamburger	b_zk9ogui-0
asllex-hammer 	https://youtube.com/watch?v=lG4JGaCQl_c	hammer	lG4JGaCQl_c
asllex-happen 	https://youtube.com/watch?v=qgXWBZP4MQs	happen	qgXWBZP4MQs
asllex-happy	https://youtube.com/watch?v=deGERv54kIc	happy	deGERv54kIc
asllex-hard 	https://youtube.com/watch?v=7ayLX9x_g9w	hard	7ayLX9x_g9w
asllex-hat	https://youtube.com/watch?v=YZyaVHlqsvY	hat	YZyaVHlqsvY
asllex-have 	https://youtube.com/watch?v=16kWab7asJ0	have	16kWab7asJ0
asllex-headache 	https://youtube.com/watch?v=9CyEdCrk9ag	headache	9CyEdCrk9ag
asllex-headphones 	https://youtube.com/watch?v=tt-T4a-T18U	headphones	tt-T4a-T18U
asllex-health 	https://youtube.com/watch?v=zsbhcamBGbg	health	zsbhcamBGbg
asllex-hearing	https://youtube.com/watch?v=eQlq7VX7VSg	hearing	eQlq7VX7VSg
asllex-hearing_aid	https://youtube.com/watch?v=FuR5VKcnP_8	hearing aid	FuR5VKcnP_8
asllex-heart	https://youtube.com/watch?v=0jSUF1b4YiU	heart	0jSUF1b4YiU
asllex-heaven 	https://youtube.com/watch?v=EWW3iPeLrCM	heaven	EWW3iPeLrCM
asllex-helicopter 	https://youtube.com/watch?v=nUgnxoZeDr8	helicopter	nUgnxoZeDr8
asllex-hello	https://youtube.com/watch?v=oRsVMK7sxMQ	hello	oRsVMK7sxMQ
asllex-helmet 	https://youtube.com/watch?v=43x_cmrkWLM	helmet	43x_cmrkWLM
asllex-help 	https://youtube.com/watch?v=OWXmFhatan8	help	OWXmFhatan8
asllex-here 	https://youtube.com/watch?v=e7ckmRr2la0	here	e7ckmRr2la0
asllex-high 	https://youtube.com/watch?v=1txxUq40nrA	high	1txxUq40nrA
asllex-high_school	https://youtube.com/watch?v=KU606zZ3Lbw	high school	KU606zZ3Lbw
asllex-hippo	https://youtube.com/watch?v=Udhre0lpmhg	hippo	Udhre0lpmhg
asllex-history	https://youtube.com/watch?v=w15RPtV1Eik	history	w15RPtV1Eik
asllex-hockey 	https://youtube.com/watch?v=tVT6vIQad-g	hockey	tVT6vIQad-g
asllex-holiday	https://youtube.com/watch?v=dqLtN57XHqk	holiday	dqLtN57XHqk
asllex-home 	https://youtube.com/watch?v=kI8My8vQVXM	home	kI8My8vQVXM
asllex-homework 	https://youtube.com/watch?v=cfhZv1QRwh8	homework	cfhZv1QRwh8
asllex-honest 	https://youtube.com/watch?v=eR1BM9KqETk	honest	eR1BM9KqETk
asllex-honor	https://youtube.com/watch?v=PhxE_3QH0bE	honor	PhxE_3QH0bE
asllex-hope 	https://youtube.com/watch?v=7tuVYLmh-Dg	hope	7tuVYLmh-Dg
asllex-horrible 	https://youtube.com/watch?v=ESeFGrzjfgA	horrible	ESeFGrzjfgA
asllex-horse	https://youtube.com/watch?v=Id2fU8m7x4I	horse	Id2fU8m7x4I
asllex-hospital 	https://youtube.com/watch?v=n0ghkagUd8g	hospital	n0ghkagUd8g
asllex-hotdog 	https://youtube.com/watch?v=Dpjvn0mx_cc	hotdog	Dpjvn0mx_cc
asllex-hotel	https://youtube.com/watch?v=L_-EEvSPHm0	hotel	L_-EEvSPHm0
asllex-hour 	https://youtube.com/watch?v=pQ-0Bdvmm8g	hour	pQ-0Bdvmm8g
asllex-house	https://youtube.com/watch?v=8Q-fEePVwsk	house	8Q-fEePVwsk
asllex-how	https://youtube.com/watch?v=X9k65VXITzY	how	X9k65VXITzY
asllex-humble 	https://youtube.com/watch?v=akuiYBq3bEk	humble	akuiYBq3bEk
asllex-hungry 	https://youtube.com/watch?v=H-hjnF_GtuU	hungry	H-hjnF_GtuU
asllex-hunt 	https://youtube.com/watch?v=sqihuQHxvnU	hunt	sqihuQHxvnU
asllex-husband	https://youtube.com/watch?v=UnjYzs-m7hU	husband	UnjYzs-m7hU
asllex-icecream 	https://youtube.com/watch?v=NBHjHURwqqA	icecream	NBHjHURwqqA
asllex-idea 	https://youtube.com/watch?v=PVA9_rzGyws	idea	PVA9_rzGyws
asllex-ignore 	https://youtube.com/watch?v=ZkaoohSbOIo	ignore	ZkaoohSbOIo
asllex-imagine	https://youtube.com/watch?v=yPVDhoQrr58	imagine	yPVDhoQrr58
asllex-impact 	https://youtube.com/watch?v=nvq9V9qYKuA	impact	nvq9V9qYKuA
asllex-important	https://youtube.com/watch?v=rRDXUWWZ1DM	important	rRDXUWWZ1DM
asllex-impossible 	https://youtube.com/watch?v=6yMLuEb3Vao	impossible	6yMLuEb3Vao
asllex-indian 	https://youtube.com/watch?v=aaeNZJnYdBk	indian	aaeNZJnYdBk
asllex-inject 	https://youtube.com/watch?v=9-3S0qbu51w	inject	9-3S0qbu51w
asllex-insult 	https://youtube.com/watch?v=IH5mAqzZadY	insult	IH5mAqzZadY
asllex-insurance	https://youtube.com/watch?v=T57Z_rwQ8B0	insurance	T57Z_rwQ8B0
asllex-interest 	https://youtube.com/watch?v=tacRhsELGVA	interest	tacRhsELGVA
asllex-internet 	https://youtube.com/watch?v=8iu4yAES0Dg	internet	8iu4yAES0Dg
asllex-interpreter	https://youtube.com/watch?v=tksEwBhbBm4	interpreter	tksEwBhbBm4
asllex-introduce	https://youtube.com/watch?v=a-PKCrqW_J8	introduce	a-PKCrqW_J8
asllex-invite 	https://youtube.com/watch?v=P6pc3INQHqA	invite	P6pc3INQHqA
asllex-iron 	https://youtube.com/watch?v=4eOyHjL3Ce0	iron	4eOyHjL3Ce0
asllex-island 	https://youtube.com/watch?v=WC-e_vADtbA	island	WC-e_vADtbA
asllex-israel 	https://youtube.com/watch?v=KL7jBS-n9_M	israel	KL7jBS-n9_M
asllex-italy	https://youtube.com/watch?v=gAWkULM7_6w	italy	gAWkULM7_6w
asllex-jacket 	https://youtube.com/watch?v=rSdZfzJZZh8	jacket	rSdZfzJZZh8
asllex-japan	https://youtube.com/watch?v=ZYUWTx3Xtdo	japan	ZYUWTx3Xtdo
asllex-jealous	https://youtube.com/watch?v=H1RZFFOHIrY	jealous	H1RZFFOHIrY
asllex-jelly	https://youtube.com/watch?v=VgLhg6CCK3M	jelly	VgLhg6CCK3M
asllex-jewish 	https://youtube.com/watch?v=vBrd0Es-CjA	jewish	vBrd0Es-CjA
asllex-jigsaw_puzzle	https://youtube.com/watch?v=hGerDEpNrQk	jigsaw puzzle	hGerDEpNrQk
asllex-judge	https://youtube.com/watch?v=F_CYRs_UBy0	judge	F_CYRs_UBy0
asllex-juggle 	https://youtube.com/watch?v=Wu2KSAR_jYQ	juggle	Wu2KSAR_jYQ
asllex-jump 	https://youtube.com/watch?v=V7-4NGS-3EM	jump	V7-4NGS-3EM
asllex-kangaroo 	https://youtube.com/watch?v=VWn-ms10pfM	kangaroo	VWn-ms10pfM
asllex-key	https://youtube.com/watch?v=15Uu0aG1_Nc	key	15Uu0aG1_Nc
asllex-keyboard 	https://youtube.com/watch?v=xSzA87_YngA	keyboard	xSzA87_YngA
asllex-kid	https://youtube.com/watch?v=LjrHbGsSxtg	kid	LjrHbGsSxtg
asllex-kill 	https://youtube.com/watch?v=jwjxzQjOnaE	kill	jwjxzQjOnaE
asllex-king 	https://youtube.com/watch?v=eQXDv-T7H2U	king	eQXDv-T7H2U
asllex-kiss 	https://youtube.com/watch?v=xUtx5xCoVXI	kiss	xUtx5xCoVXI
asllex-kitchen	https://youtube.com/watch?v=oe34Xa9LYrY	kitchen	oe34Xa9LYrY
asllex-kite 	https://youtube.com/watch?v=5epnQS0jLWs	kite	5epnQS0jLWs
asllex-kneel	https://youtube.com/watch?v=WxgPXgAblQE	kneel	WxgPXgAblQE
asllex-knife	https://youtube.com/watch?v=7S3NXRcbPRI	knife	7S3NXRcbPRI
asllex-knitting 	https://youtube.com/watch?v=p2Bsh6TKQGQ	knitting	p2Bsh6TKQGQ
asllex-know 	https://youtube.com/watch?v=AMYxu_v6Caw	know	AMYxu_v6Caw
asllex-lamp 	https://youtube.com/watch?v=tUVePolTGZU	lamp	tUVePolTGZU
asllex-language 	https://youtube.com/watch?v=ZS5lDC1yMSo	language	ZS5lDC1yMSo
asllex-laptop 	https://youtube.com/watch?v=vxoludbwLGU	laptop	vxoludbwLGU
asllex-last 	https://youtube.com/watch?v=HV_8ELVFXzU	last	HV_8ELVFXzU
asllex-late 	https://youtube.com/watch?v=hE7vwJDc-4Y	late	hE7vwJDc-4Y
asllex-later	https://youtube.com/watch?v=s3wDKw4Y4w0	later	s3wDKw4Y4w0
asllex-laugh	https://youtube.com/watch?v=nqWDDn7jtFA	laugh	nqWDDn7jtFA
asllex-lawnmower	https://youtube.com/watch?v=BuRMrr-9NAA	lawnmower	BuRMrr-9NAA
asllex-lawyer 	https://youtube.com/watch?v=ZNYP9WcKuOM	lawyer	ZNYP9WcKuOM
asllex-lazy 	https://youtube.com/watch?v=eOMNlsonmqo	lazy	eOMNlsonmqo
asllex-leaf 	https://youtube.com/watch?v=4Hvd3YPAYIo	leaf	4Hvd3YPAYIo
asllex-learn	https://youtube.com/watch?v=TSQinun_K8U	learn	TSQinun_K8U
asllex-leave	https://youtube.com/watch?v=1ebUDpd-7DE	leave	1ebUDpd-7DE
asllex-lecture	https://youtube.com/watch?v=FkDtGVsWIAU	lecture	FkDtGVsWIAU
asllex-lemon	https://youtube.com/watch?v=u8iBkURm8VE	lemon	u8iBkURm8VE
asllex-lesson 	https://youtube.com/watch?v=Ksu-AYI0uWs	lesson	Ksu-AYI0uWs
asllex-let_know 	https://youtube.com/watch?v=Yx6Ij5OOuXo	let know	Yx6Ij5OOuXo
asllex-letter 	https://youtube.com/watch?v=cIC4tYLHaME	letter	cIC4tYLHaME
asllex-lettuce	https://youtube.com/watch?v=WmITf9IoItk	lettuce	WmITf9IoItk
asllex-library	https://youtube.com/watch?v=RXFxKLQPDz0	library	RXFxKLQPDz0
asllex-lie	https://youtube.com/watch?v=AyMVC40SR0M	lie	AyMVC40SR0M
asllex-light_weight 	https://youtube.com/watch?v=p_oVgBJxxOE	light weight	p_oVgBJxxOE
asllex-lighter	https://youtube.com/watch?v=WIL_8uqkpEE	lighter	WIL_8uqkpEE
asllex-lightning	https://youtube.com/watch?v=eugBkNtmkSI	lightning	eugBkNtmkSI
asllex-line 	https://youtube.com/watch?v=sSKkyoPDvrI	line	sSKkyoPDvrI
asllex-lion 	https://youtube.com/watch?v=uyl3Y3YVSb0	lion	uyl3Y3YVSb0
asllex-lipstick 	https://youtube.com/watch?v=XQPQ_89cD70	lipstick	XQPQ_89cD70
asllex-list 	https://youtube.com/watch?v=8vNp_xyNxws	list	8vNp_xyNxws
asllex-live_1 	https://youtube.com/watch?v=F4X9rEJgKpk	live	F4X9rEJgKpk
asllex-live_2 	https://youtube.com/watch?v=0ZsmE7YX6ME	live	0ZsmE7YX6ME
asllex-lobster	https://youtube.com/watch?v=pzcBrX2ha5E	lobster	pzcBrX2ha5E
asllex-lock 	https://youtube.com/watch?v=dO6aUTMQOhY	lock	dO6aUTMQOhY
asllex-lonely 	https://youtube.com/watch?v=hXTK8VwANG4	lonely	hXTK8VwANG4
asllex-long_line	https://youtube.com/watch?v=U6gh3fnL5EE	long line	U6gh3fnL5EE
asllex-look_appearanc 	https://youtube.com/watch?v=T5xDAnMK29E	look appearance	T5xDAnMK29E
asllex-look_at	https://youtube.com/watch?v=9FtjVGbH9OU	look at	9FtjVGbH9OU
asllex-look_for 	https://youtube.com/watch?v=_3D60VJ9b0c	look for	_3D60VJ9b0c
asllex-lose 	https://youtube.com/watch?v=lH9vlUcCL24	lose	lH9vlUcCL24
asllex-lose_game	https://youtube.com/watch?v=6Xc2OP0LMlk	lose game	6Xc2OP0LMlk
asllex-loud 	https://youtube.com/watch?v=5DaF6MU5BsA	loud	5DaF6MU5BsA
asllex-loyal	https://youtube.com/watch?v=d0EsAmLBti4	loyal	d0EsAmLBti4
asllex-lucky	https://youtube.com/watch?v=f_6KJYzAyt4	lucky	f_6KJYzAyt4
asllex-machine	https://youtube.com/watch?v=Os6WrTSFq1Y	machine	Os6WrTSFq1Y
asllex-magazine 	https://youtube.com/watch?v=KJgjS-tHBp0	magazine	KJgjS-tHBp0
asllex-magic	https://youtube.com/watch?v=oMruEV_IlII	magic	oMruEV_IlII
asllex-magnet 	https://youtube.com/watch?v=K9pZrhBcoe8	magnet	K9pZrhBcoe8
asllex-mail 	https://youtube.com/watch?v=Jim37dgivCk	mail	Jim37dgivCk
asllex-make 	https://youtube.com/watch?v=NokkIJtHjAs	make	NokkIJtHjAs
asllex-man	https://youtube.com/watch?v=T2R4utmVagc	man	T2R4utmVagc
asllex-many 	https://youtube.com/watch?v=eTmzHLtBOnU	many	eTmzHLtBOnU
asllex-mascara	https://youtube.com/watch?v=HsEObKAECpQ	mascara	HsEObKAECpQ
asllex-match	https://youtube.com/watch?v=lvk8sZnz7xo	match	lvk8sZnz7xo
asllex-math 	https://youtube.com/watch?v=jEgulNf5IgI	math	jEgulNf5IgI
asllex-maybe	https://youtube.com/watch?v=O5nS_sJf-6A	maybe	O5nS_sJf-6A
asllex-mcdonalds_2	https://youtube.com/watch?v=gzYWnlJXJZI	mcdonalds	gzYWnlJXJZI
asllex-me 	https://youtube.com/watch?v=hHuFWWNKtDo	me	hHuFWWNKtDo
asllex-mean_1 	https://youtube.com/watch?v=J_2jBrdb0zo	mean	J_2jBrdb0zo
asllex-mean_2 	https://youtube.com/watch?v=1u-ZZNdegH8	mean	1u-ZZNdegH8
asllex-measure	https://youtube.com/watch?v=a1NeXe8bhuo	measure	a1NeXe8bhuo
asllex-meat 	https://youtube.com/watch?v=BqkaIwGKhkg	meat	BqkaIwGKhkg
asllex-mechanic_1 	https://youtube.com/watch?v=M8Ao3BEaFfQ	mechanic	M8Ao3BEaFfQ
asllex-mechanic_2 	https://youtube.com/watch?v=c7Iuur7yU1U	mechanic	c7Iuur7yU1U
asllex-medicine 	https://youtube.com/watch?v=AUEQVbV588c	medicine	AUEQVbV588c
asllex-meet 	https://youtube.com/watch?v=W4FXyEWBu4I	meet	W4FXyEWBu4I
asllex-meeting	https://youtube.com/watch?v=L9vCVI0Mkrk	meeting	L9vCVI0Mkrk
asllex-metal	https://youtube.com/watch?v=4on3dCR5n7k	metal	4on3dCR5n7k
asllex-metaphor 	https://youtube.com/watch?v=3T905Y_hQRk	metaphor	3T905Y_hQRk
asllex-microscope 	https://youtube.com/watch?v=3xsmytSpYr0	microscope	3xsmytSpYr0
asllex-microwave	https://youtube.com/watch?v=poVDlJ6y6TE	microwave	poVDlJ6y6TE
asllex-milk 	https://youtube.com/watch?v=qc6SgW2xs-M	milk	qc6SgW2xs-M
asllex-mime 	https://youtube.com/watch?v=ApBJzFRBSs4	mime	ApBJzFRBSs4
asllex-mind 	https://youtube.com/watch?v=EdQ7Gb9vGRg	mind	EdQ7Gb9vGRg
asllex-minute 	https://youtube.com/watch?v=2oc_5MNDWVk	minute	2oc_5MNDWVk
asllex-mirror 	https://youtube.com/watch?v=W9WaxFZEPk8	mirror	W9WaxFZEPk8
asllex-misunderstand	https://youtube.com/watch?v=YQDSc4MSKbA	misunderstand	YQDSc4MSKbA
asllex-mock 	https://youtube.com/watch?v=_64BqsENPWc	mock	_64BqsENPWc
asllex-monday 	https://youtube.com/watch?v=GtmL1ADgfUY	monday	GtmL1ADgfUY
asllex-money	https://youtube.com/watch?v=kuO_0XkfoZQ	money	kuO_0XkfoZQ
asllex-monkey 	https://youtube.com/watch?v=CC8lYNHFlgM	monkey	CC8lYNHFlgM
asllex-month	https://youtube.com/watch?v=cod2AgTLLx0	month	cod2AgTLLx0
asllex-moon 	https://youtube.com/watch?v=nh42A8ejejU	moon	nh42A8ejejU
asllex-mop	https://youtube.com/watch?v=w5yw5MfVAy8	mop	w5yw5MfVAy8
asllex-more 	https://youtube.com/watch?v=eKLTlUZlE9w	more	eKLTlUZlE9w
asllex-morning	https://youtube.com/watch?v=BtlYeYdlUX0	morning	BtlYeYdlUX0
asllex-mother 	https://youtube.com/watch?v=MEhxsAx_n6A	mother	MEhxsAx_n6A
asllex-motorcycle 	https://youtube.com/watch?v=wSKjMtnrH7s	motorcycle	wSKjMtnrH7s
asllex-mountain 	https://youtube.com/watch?v=tIsGYIeMhBE	mountain	tIsGYIeMhBE
asllex-mouse	https://youtube.com/watch?v=n27CJPXZMjs	mouse	n27CJPXZMjs
asllex-mouth	https://youtube.com/watch?v=9JN3kjH0c3s	mouth	9JN3kjH0c3s
asllex-move 	https://youtube.com/watch?v=zIePAaKHToM	move	zIePAaKHToM
asllex-movie	https://youtube.com/watch?v=pRL45Ffm4Vw	movie	pRL45Ffm4Vw
asllex-movies 	https://youtube.com/watch?v=s7v3X3SC_4Y	movie	s7v3X3SC_4Y
asllex-much 	https://youtube.com/watch?v=yZvPRzEJOz8	much	yZvPRzEJOz8
asllex-museum 	https://youtube.com/watch?v=o4ToXoTzh1A	museum	o4ToXoTzh1A
asllex-music	https://youtube.com/watch?v=KbV3lTNLgLg	music	KbV3lTNLgLg
asllex-mustache 	https://youtube.com/watch?v=VwzZqE2J2rU	mustache	VwzZqE2J2rU
asllex-my 	https://youtube.com/watch?v=RhlO0z_eLoA	my	RhlO0z_eLoA
asllex-myself 	https://youtube.com/watch?v=rtIpN6KHy0w	myself	rtIpN6KHy0w
asllex-name 	https://youtube.com/watch?v=yFYsa9KPUXc	name	yFYsa9KPUXc
asllex-napkin 	https://youtube.com/watch?v=xb2el8eZx8o	napkin	xb2el8eZx8o
asllex-necklace 	https://youtube.com/watch?v=jtvzlwzOhl4	necklace	jtvzlwzOhl4
asllex-need 	https://youtube.com/watch?v=JPvbOOrG-gU	need	JPvbOOrG-gU
asllex-nephew 	https://youtube.com/watch?v=LyWen6iyYuM	nephew	LyWen6iyYuM
asllex-neutral	https://youtube.com/watch?v=4hcWWpER26A	neutral	4hcWWpER26A
asllex-never	https://youtube.com/watch?v=SSDg9Y4a-ec	never	SSDg9Y4a-ec
asllex-new	https://youtube.com/watch?v=5_7lQGlcl_U	new	5_7lQGlcl_U
asllex-new_york 	https://youtube.com/watch?v=Phulr6P2NZw	new york	Phulr6P2NZw
asllex-newspaper	https://youtube.com/watch?v=OdJuIwj6iYY	newspaper	OdJuIwj6iYY
asllex-night	https://youtube.com/watch?v=p3FTqco1h1U	night	p3FTqco1h1U
asllex-no 	https://youtube.com/watch?v=jGsh6zd3eUQ	no	jGsh6zd3eUQ
asllex-north	https://youtube.com/watch?v=wrgzFvTqqPw	north	wrgzFvTqqPw
asllex-not_care 	https://youtube.com/watch?v=6r7aOQrY_sQ	not care	6r7aOQrY_sQ
asllex-not_yet	https://youtube.com/watch?v=l669l_X3VIo	not yet	l669l_X3VIo
asllex-nothing	https://youtube.com/watch?v=zomh1MV2lwI	nothing	zomh1MV2lwI
asllex-now	https://youtube.com/watch?v=hIPRC-_00vs	now	hIPRC-_00vs
asllex-numbers	https://youtube.com/watch?v=1k4d_kFew5Y	numbers	1k4d_kFew5Y
asllex-nurse	https://youtube.com/watch?v=OI_2ZCJlojM	nurse	OI_2ZCJlojM
asllex-nut	https://youtube.com/watch?v=X-PVlp5QvLc	nut	X-PVlp5QvLc
asllex-off_the_point	https://youtube.com/watch?v=0fEr5rn_94E	off the point	0fEr5rn_94E
asllex-offend 	https://youtube.com/watch?v=716tfsPIVxw	offend	716tfsPIVxw
asllex-office 	https://youtube.com/watch?v=MbOXIeK-SPo	office	MbOXIeK-SPo
asllex-old	https://youtube.com/watch?v=IhZacj3-_a4	old	IhZacj3-_a4
asllex-onion	https://youtube.com/watch?v=jhEkf11iUI4	onion	jhEkf11iUI4
asllex-oops 	https://youtube.com/watch?v=qVKyqYT7Qaw	oops	qVKyqYT7Qaw
asllex-oral 	https://youtube.com/watch?v=9moQT78IIag	oral	9moQT78IIag
asllex-orange 	https://youtube.com/watch?v=F4cpgfDA0ds	orange	F4cpgfDA0ds
asllex-order_1	https://youtube.com/watch?v=5EnWNCgPK6k	order	5EnWNCgPK6k
asllex-order_2	https://youtube.com/watch?v=Ol0t4VFTLbk	order	Ol0t4VFTLbk
asllex-other	https://youtube.com/watch?v=U38qxX-_xfI	other	U38qxX-_xfI
asllex-owe	https://youtube.com/watch?v=rGoKd2S8r2M	owe	rGoKd2S8r2M
asllex-owl	https://youtube.com/watch?v=qjEH5OeRz14	owl	qjEH5OeRz14
asllex-own	https://youtube.com/watch?v=YzUUGquGjn0	own	YzUUGquGjn0
asllex-pain 	https://youtube.com/watch?v=PUeBxtWPPFw	pain	PUeBxtWPPFw
asllex-paint	https://youtube.com/watch?v=2x5hblbX1Ho	paint	2x5hblbX1Ho
asllex-paintbrush 	https://youtube.com/watch?v=bTgleUh2E8M	paintbrush	bTgleUh2E8M
asllex-pants	https://youtube.com/watch?v=91SCmVAkLh4	pants	91SCmVAkLh4
asllex-paper	https://youtube.com/watch?v=f_l5OkjlEpw	paper	f_l5OkjlEpw
asllex-papercutter	https://youtube.com/watch?v=r3SXA0TUE8w	papercutter	r3SXA0TUE8w
asllex-parachute	https://youtube.com/watch?v=f__gUIoqIKI	parachute	f__gUIoqIKI
asllex-parade 	https://youtube.com/watch?v=g_LH4eW0R8Y	parade	g_LH4eW0R8Y
asllex-parents	https://youtube.com/watch?v=DWeISmBh5RY	parents	DWeISmBh5RY
asllex-past 	https://youtube.com/watch?v=0vVP7dDToDQ	past	0vVP7dDToDQ
asllex-patient_1	https://youtube.com/watch?v=tMK_fRPoGO4	patient	tMK_fRPoGO4
asllex-patient_2	https://youtube.com/watch?v=bjTKyFHEq9E	patient	bjTKyFHEq9E
asllex-patient_3	https://youtube.com/watch?v=cVV5D2txBZw	patient	cVV5D2txBZw
asllex-peace	https://youtube.com/watch?v=ANrn1AKgEq8	peace	ANrn1AKgEq8
asllex-peach	https://youtube.com/watch?v=CH8XIKf-HOY	peach	CH8XIKf-HOY
asllex-peg	https://youtube.com/watch?v=8aawCSZY4Q8	peg	8aawCSZY4Q8
asllex-pencil 	https://youtube.com/watch?v=fKcIo2NHs14	pencil	fKcIo2NHs14
asllex-penny	https://youtube.com/watch?v=N8I5QR_ph5k	penny	N8I5QR_ph5k
asllex-people 	https://youtube.com/watch?v=sh_YuONgpFo	people	sh_YuONgpFo
asllex-pepper 	https://youtube.com/watch?v=HPvP8fUWwks	pepper	HPvP8fUWwks
asllex-pepsi	https://youtube.com/watch?v=4RR8RHoNrr0	pepsi	4RR8RHoNrr0
asllex-percent	https://youtube.com/watch?v=YLcsL8p7GzQ	percent	YLcsL8p7GzQ
asllex-perfect	https://youtube.com/watch?v=p6qQA20tIII	perfect	p6qQA20tIII
asllex-perfume	https://youtube.com/watch?v=FVwcRqB1Io8	perfume	FVwcRqB1Io8
asllex-person 	https://youtube.com/watch?v=owpU6xgfONs	person	owpU6xgfONs
asllex-piano	https://youtube.com/watch?v=bIlbRKBPBPk	piano	bIlbRKBPBPk
asllex-picture	https://youtube.com/watch?v=JV4n-xMHv8k	picture	JV4n-xMHv8k
asllex-pie	https://youtube.com/watch?v=zDe9SqLfgG8	pie	zDe9SqLfgG8
asllex-pig	https://youtube.com/watch?v=ZQeazqlpGDU	pig	ZQeazqlpGDU
asllex-pile 	https://youtube.com/watch?v=lSEiJfZxorQ	pile	lSEiJfZxorQ
asllex-pill 	https://youtube.com/watch?v=ipjVD13MNWg	pill	ipjVD13MNWg
asllex-pillow 	https://youtube.com/watch?v=TFZbuYVLgCA	pillow	TFZbuYVLgCA
asllex-pineapple	https://youtube.com/watch?v=-1Mi178LYA0	pineapple	-1Mi178LYA0
asllex-pink 	https://youtube.com/watch?v=9bkVAOz1ips	pink	9bkVAOz1ips
asllex-pipe 	https://youtube.com/watch?v=op8fqFJ2cWY	pipe	op8fqFJ2cWY
asllex-pirate 	https://youtube.com/watch?v=SBdWHR8hNd0	pirate	SBdWHR8hNd0
asllex-pity	https://youtube.com/watch?v=G3G-1igC_QM	pity	G3G-1igC_QM
asllex-play 	https://youtube.com/watch?v=vz9KBYTBL4o	play	vz9KBYTBL4o
asllex-playground 	https://youtube.com/watch?v=QGjvGytYFuQ	playground	QGjvGytYFuQ
asllex-please 	https://youtube.com/watch?v=RHeFBNVYii4	please	RHeFBNVYii4
asllex-pliers 	https://youtube.com/watch?v=l5xWJsZnAt4	pliers	l5xWJsZnAt4
asllex-plunger	https://youtube.com/watch?v=hzSflBZ38g0	plunger	hzSflBZ38g0
asllex-point	https://youtube.com/watch?v=HJ5OH9Q2m4g	point	HJ5OH9Q2m4g
asllex-policeman	https://youtube.com/watch?v=OQYDhnahf7U	policeman	OQYDhnahf7U
asllex-pool_game	https://youtube.com/watch?v=u24XHtC_-8w	pool game	u24XHtC_-8w
asllex-poor 	https://youtube.com/watch?v=pGVofdO57Mg	poor	pGVofdO57Mg
asllex-pop	https://youtube.com/watch?v=bsMkT11YFKs	pop	bsMkT11YFKs
asllex-popcorn	https://youtube.com/watch?v=QsOmdJQ3yEE	popcorn	QsOmdJQ3yEE
asllex-possible 	https://youtube.com/watch?v=TmL8vArREpk	possible	TmL8vArREpk
asllex-potato 	https://youtube.com/watch?v=CHo8_-LB51A	potato	CHo8_-LB51A
asllex-power	https://youtube.com/watch?v=K5aQhBkdDwc	power	K5aQhBkdDwc
asllex-prayer 	https://youtube.com/watch?v=XbXNw5zVvXU	prayer	XbXNw5zVvXU
asllex-preacher 	https://youtube.com/watch?v=WVpdAlQEbFg	preacher	WVpdAlQEbFg
asllex-prefer 	https://youtube.com/watch?v=kCGmtSz5n54	prefer	kCGmtSz5n54
asllex-president	https://youtube.com/watch?v=W9DXGEIITLE	president	W9DXGEIITLE
asllex-pretend	https://youtube.com/watch?v=zeXAK9YmWMM	pretend	zeXAK9YmWMM
asllex-pretty 	https://youtube.com/watch?v=ei6zL529jn0	pretty	ei6zL529jn0
asllex-price	https://youtube.com/watch?v=Rimo0T30CSo	price	Rimo0T30CSo
asllex-pride	https://youtube.com/watch?v=zOnkzoBNF24	pride	zOnkzoBNF24
asllex-priest 	https://youtube.com/watch?v=szPb6AlhA8U	priest	szPb6AlhA8U
asllex-print	https://youtube.com/watch?v=k5Op_LMNbcc	print	k5Op_LMNbcc
asllex-prison 	https://youtube.com/watch?v=TJasy7GxZig	prison	TJasy7GxZig
asllex-problem_1	https://youtube.com/watch?v=5iOCz7V4-fA	problem	5iOCz7V4-fA
asllex-problem_2	https://youtube.com/watch?v=2EVzT-lydyk	problem	2EVzT-lydyk
asllex-promise	https://youtube.com/watch?v=OPZ11zm_0wE	promise	OPZ11zm_0wE
asllex-promote	https://youtube.com/watch?v=G4jTCHpN_ZI	promote	G4jTCHpN_ZI
asllex-protection 	https://youtube.com/watch?v=9m-_HaQrBB4	protection	9m-_HaQrBB4
asllex-psychologist 	https://youtube.com/watch?v=4fGHvcRZ22U	psychologist	4fGHvcRZ22U
asllex-pull 	https://youtube.com/watch?v=nsRQOdkyTP8	pull	nsRQOdkyTP8
asllex-punish 	https://youtube.com/watch?v=hf9aqNkLbFo	punish	hf9aqNkLbFo
asllex-purple 	https://youtube.com/watch?v=54csIWbS-Gc	purple	54csIWbS-Gc
asllex-push 	https://youtube.com/watch?v=5P_HnZDGauE	push	5P_HnZDGauE
asllex-puzzled	https://youtube.com/watch?v=njXa2NJJdGo	puzzled	njXa2NJJdGo
asllex-queen	https://youtube.com/watch?v=j43DVeH2kmM	queen	j43DVeH2kmM
asllex-quiet	https://youtube.com/watch?v=pr_COgOLLU4	quiet	pr_COgOLLU4
asllex-rabbit 	https://youtube.com/watch?v=l5SIK3aStUs	rabbit	l5SIK3aStUs
asllex-radio	https://youtube.com/watch?v=Bdtau2SCL5g	radio	Bdtau2SCL5g
asllex-rain 	https://youtube.com/watch?v=y3z9aERL4u4	rain	y3z9aERL4u4
asllex-rake 	https://youtube.com/watch?v=0zSZBHqw_Ss	rake	0zSZBHqw_Ss
asllex-rat	https://youtube.com/watch?v=5kdynSmFI_E	rat	5kdynSmFI_E
asllex-razor	https://youtube.com/watch?v=R03NRY2iMwY	razor	R03NRY2iMwY
asllex-read 	https://youtube.com/watch?v=sKEGOtW4ayA	read	sKEGOtW4ayA
asllex-really 	https://youtube.com/watch?v=v8Bt4bJtjWs	really	v8Bt4bJtjWs
asllex-reason 	https://youtube.com/watch?v=21d06WgqFXk	reason	21d06WgqFXk
asllex-recording	https://youtube.com/watch?v=ylGQHzDwI_4	recording	ylGQHzDwI_4
asllex-red	https://youtube.com/watch?v=HSl6KdDHUlg	red	HSl6KdDHUlg
asllex-relationship 	https://youtube.com/watch?v=p0dxBxcRlIY	relationship	p0dxBxcRlIY
asllex-relax	https://youtube.com/watch?v=rFCtAIjVQLY	relax	rFCtAIjVQLY
asllex-religion 	https://youtube.com/watch?v=hyke9WnD7Ew	religion	hyke9WnD7Ew
asllex-remember 	https://youtube.com/watch?v=XptGbDzwynY	remember	XptGbDzwynY
asllex-remote_control 	https://youtube.com/watch?v=gb5WMoePPwI	remote control	gb5WMoePPwI
asllex-requirement	https://youtube.com/watch?v=bAnGUS9bL3Y	demand	bAnGUS9bL3Y
asllex-research 	https://youtube.com/watch?v=6qHMCkQKrUg	research	6qHMCkQKrUg
asllex-responsibility 	https://youtube.com/watch?v=er0EUSbN9Ro	responsibility	er0EUSbN9Ro
asllex-rest 	https://youtube.com/watch?v=fK-_bakRHEs	rest	fK-_bakRHEs
asllex-restaurant 	https://youtube.com/watch?v=ga1SpOcX4_4	restaurant	ga1SpOcX4_4
asllex-revenge	https://youtube.com/watch?v=_ORqUgCG61U	revenge	_ORqUgCG61U
asllex-rhino	https://youtube.com/watch?v=zjRTlUQc10A	rhino	zjRTlUQc10A
asllex-right_1	https://youtube.com/watch?v=bmc1BJWo_Pw	right	bmc1BJWo_Pw
asllex-right_2	https://youtube.com/watch?v=0AbAh8gsQZg	right	0AbAh8gsQZg
asllex-ring 	https://youtube.com/watch?v=lP7Nqj3bUq8	ring	lP7Nqj3bUq8
asllex-river	https://youtube.com/watch?v=4vr7STEgRrY	river	4vr7STEgRrY
asllex-rock 	https://youtube.com/watch?v=Lc9_PIP7xDc	rock	Lc9_PIP7xDc
asllex-rollerblade	https://youtube.com/watch?v=HcuScQsj024	rollerblade	HcuScQsj024
asllex-rollerskating	https://youtube.com/watch?v=pFLREGpmUWs	rollerskating	pFLREGpmUWs
asllex-room 	https://youtube.com/watch?v=hdDYNPC93DM	room	hdDYNPC93DM
asllex-rooster	https://youtube.com/watch?v=hfTj6U4WSqs	rooster	hfTj6U4WSqs
asllex-rope 	https://youtube.com/watch?v=IwbpHvg-7-o	rope	IwbpHvg-7-o
asllex-rude 	https://youtube.com/watch?v=lAmYTMBtCCA	rude	lAmYTMBtCCA
asllex-run	https://youtube.com/watch?v=o-ii7m7zxx0	run	o-ii7m7zxx0
asllex-russia 	https://youtube.com/watch?v=Qk47GZjGbZY	russia	Qk47GZjGbZY
asllex-sad	https://youtube.com/watch?v=pr36F4PK-8c	sad	pr36F4PK-8c
asllex-sail 	https://youtube.com/watch?v=nvHPZtTRlR4	sail	nvHPZtTRlR4
asllex-salad	https://youtube.com/watch?v=BBCixbI_6C4	salad	BBCixbI_6C4
asllex-salt 	https://youtube.com/watch?v=XUlDh-wKIEM	salt	XUlDh-wKIEM
asllex-same_1 	https://youtube.com/watch?v=BZxoTuwBHvA	same	BZxoTuwBHvA
asllex-same_2 	https://youtube.com/watch?v=sR_PzooQLx4	same	sR_PzooQLx4
asllex-sandals	https://youtube.com/watch?v=Fl4WJ5pDXiE	sandals	Fl4WJ5pDXiE
asllex-sandwich 	https://youtube.com/watch?v=7lsya6lXi5Q	sandwich	7lsya6lXi5Q
asllex-saturday 	https://youtube.com/watch?v=Z8QQaRIGHjI	saturday	Z8QQaRIGHjI
asllex-saw	https://youtube.com/watch?v=9rYvkWmjktQ	saw	9rYvkWmjktQ
asllex-scan 	https://youtube.com/watch?v=Kee4MAgmLXg	scan	Kee4MAgmLXg
asllex-scarcely 	https://youtube.com/watch?v=T6LPvO9NwFE	scarcely	T6LPvO9NwFE
asllex-scared 	https://youtube.com/watch?v=HHgIrMeWhFg	scared	HHgIrMeWhFg
asllex-scarf	https://youtube.com/watch?v=2RWQzyj-yNk	scarf	2RWQzyj-yNk
asllex-schedule 	https://youtube.com/watch?v=fEn2xe4FN9o	calendar	fEn2xe4FN9o
asllex-school 	https://youtube.com/watch?v=A_rNr7i1uAs	school	A_rNr7i1uAs
asllex-science	https://youtube.com/watch?v=so6TRSqKp_8	science	so6TRSqKp_8
asllex-scientist	https://youtube.com/watch?v=L4OXf4Vtosg	scientist	L4OXf4Vtosg
asllex-scissors 	https://youtube.com/watch?v=FXzcGcrDIFk	scissors	FXzcGcrDIFk
asllex-screwdriver	https://youtube.com/watch?v=1xQSj2My55s	screwdriver	1xQSj2My55s
asllex-scroll_down	https://youtube.com/watch?v=vTsOoe6VfUE	scroll down	vTsOoe6VfUE
asllex-secret 	https://youtube.com/watch?v=bBajpj6dICs	secret	bBajpj6dICs
asllex-secretary	https://youtube.com/watch?v=rhpYRl3kHQU	secretary	rhpYRl3kHQU
asllex-see	https://youtube.com/watch?v=InFyZzSRtZU	see	InFyZzSRtZU
asllex-select 	https://youtube.com/watch?v=kVoexhOZjxk	select	kVoexhOZjxk
asllex-serious	https://youtube.com/watch?v=TreWVw5uW98	serious	TreWVw5uW98
asllex-set_up 	https://youtube.com/watch?v=iE_b7VT1G9c	set up	iE_b7VT1G9c
asllex-sew	https://youtube.com/watch?v=Lo_RLSCOB_M	sew	Lo_RLSCOB_M
asllex-shame	https://youtube.com/watch?v=ni1aPOfqJA4	shame	ni1aPOfqJA4
asllex-shampoo	https://youtube.com/watch?v=hLmxeXkEWdg	shampoo	hLmxeXkEWdg
asllex-shave	https://youtube.com/watch?v=GeovUH8tZCo	shave	GeovUH8tZCo
asllex-sheep	https://youtube.com/watch?v=rer_C3GrVlQ	sheep	rer_C3GrVlQ
asllex-shiny	https://youtube.com/watch?v=YJDaz5T8Nc4	shiny	YJDaz5T8Nc4
asllex-shirt	https://youtube.com/watch?v=lSqfurbjfDc	shirt	lSqfurbjfDc
asllex-shocked	https://youtube.com/watch?v=K1lHpmJ1ZhU	shocked	K1lHpmJ1ZhU
asllex-shoes	https://youtube.com/watch?v=thCR_9wP59U	shoes	thCR_9wP59U
asllex-shop_1 	https://youtube.com/watch?v=YIqsGH_Cupc	shop	YIqsGH_Cupc
asllex-shop_2 	https://youtube.com/watch?v=Yp6frB0YVDo	shop	Yp6frB0YVDo
asllex-shorts 	https://youtube.com/watch?v=52l-cQbpn64	shorts	52l-cQbpn64
asllex-shoulder 	https://youtube.com/watch?v=8tSLhAnaPho	shoulder	8tSLhAnaPho
asllex-shovel 	https://youtube.com/watch?v=vDLFZZoJohM	shovel	vDLFZZoJohM
asllex-show 	https://youtube.com/watch?v=eWKXpuCp0x4	show	eWKXpuCp0x4
asllex-shower 	https://youtube.com/watch?v=ZrBL-2-knGQ	shower	ZrBL-2-knGQ
asllex-shrimp 	https://youtube.com/watch?v=yP6aXkIBqO8	shrimp	yP6aXkIBqO8
asllex-shy	https://youtube.com/watch?v=RmuG8nlsP6M	shy	RmuG8nlsP6M
asllex-sick 	https://youtube.com/watch?v=BuJZZAGk6GM	sick	BuJZZAGk6GM
asllex-sign_language	https://youtube.com/watch?v=BCcwYIjkWc0	sign language	BCcwYIjkWc0
asllex-silly	https://youtube.com/watch?v=Bmc7vzcNGb8	silly	Bmc7vzcNGb8
asllex-silver 	https://youtube.com/watch?v=U8FGfq0ShOU	silver	U8FGfq0ShOU
asllex-since	https://youtube.com/watch?v=AXoaCnt3gH8	since	AXoaCnt3gH8
asllex-sing 	https://youtube.com/watch?v=9Wx0pOzqNL0	sing	9Wx0pOzqNL0
asllex-sister 	https://youtube.com/watch?v=bqLtmk7uYCg	sister	bqLtmk7uYCg
asllex-sit	https://youtube.com/watch?v=rhObKAoNkuc	sit	rhObKAoNkuc
asllex-skate	https://youtube.com/watch?v=OMTuFqjyfDg	skate	OMTuFqjyfDg
asllex-skateboarding	https://youtube.com/watch?v=_bUgRLL98tE	skateboarding	_bUgRLL98tE
asllex-ski	https://youtube.com/watch?v=Gvdnxav0K1M	ski	Gvdnxav0K1M
asllex-skirt	https://youtube.com/watch?v=uuc1Q8HXicI	skirt	uuc1Q8HXicI
asllex-sleep	https://youtube.com/watch?v=GSqWd9aVVQE	sleep	GSqWd9aVVQE
asllex-slow 	https://youtube.com/watch?v=gluqqnoSqx8	slow	gluqqnoSqx8
asllex-small	https://youtube.com/watch?v=VylICq68Dw0	small	VylICq68Dw0
asllex-smart	https://youtube.com/watch?v=Sv2xeeMVo7M	smart	Sv2xeeMVo7M
asllex-smile	https://youtube.com/watch?v=d9hbuZy7hn4	smile	d9hbuZy7hn4
asllex-smoking	https://youtube.com/watch?v=vvwpMkT6vnE	smoking	vvwpMkT6vnE
asllex-snake	https://youtube.com/watch?v=QoacuIKxvD4	snake	QoacuIKxvD4
asllex-sneeze 	https://youtube.com/watch?v=oFAZnaG49AM	sneeze	oFAZnaG49AM
asllex-snob 	https://youtube.com/watch?v=75YGLsvaarw	snob	75YGLsvaarw
asllex-snow 	https://youtube.com/watch?v=KkavX3HF0Es	snow	KkavX3HF0Es
asllex-soap 	https://youtube.com/watch?v=4Z5rN40UdPg	soap	4Z5rN40UdPg
asllex-soccer 	https://youtube.com/watch?v=jsZG2RGnWVo	soccer	jsZG2RGnWVo
asllex-socks	https://youtube.com/watch?v=LCQKV2tDcww	socks	LCQKV2tDcww
asllex-soda 	https://youtube.com/watch?v=eNbvA_RIUCo	soda	eNbvA_RIUCo
asllex-some 	https://youtube.com/watch?v=gSnYeVmd-Yo	some	gSnYeVmd-Yo
asllex-son	https://youtube.com/watch?v=rbEp5hFQljM	son	rbEp5hFQljM
asllex-sorry	https://youtube.com/watch?v=BL90-ejIQ9Y	sorry	BL90-ejIQ9Y
asllex-soup 	https://youtube.com/watch?v=bzbx7wcPRZo	soup	bzbx7wcPRZo
asllex-south	https://youtube.com/watch?v=0Q2GygbNlro	south	0Q2GygbNlro
asllex-spaghetti	https://youtube.com/watch?v=bJHYOSEZBMA	spaghetti	bJHYOSEZBMA
asllex-speakers 	https://youtube.com/watch?v=bIPSpBXay8o	speakers	bIPSpBXay8o
asllex-spider 	https://youtube.com/watch?v=bQQoICA5Ns8	spider	bQQoICA5Ns8
asllex-spoon	https://youtube.com/watch?v=V8i8b5iCWVc	spoon	V8i8b5iCWVc
asllex-sports 	https://youtube.com/watch?v=5g9chP2iY2M	sports	5g9chP2iY2M
asllex-squirrel 	https://youtube.com/watch?v=nWzybb8dK0Y	squirrel	nWzybb8dK0Y
asllex-staff	https://youtube.com/watch?v=T3nLi7YJ7s0	staff	T3nLi7YJ7s0
asllex-stairs 	https://youtube.com/watch?v=b1tzbYtZ4pg	stairs	b1tzbYtZ4pg
asllex-stamp	https://youtube.com/watch?v=6AyXhQTu4V4	stamp	6AyXhQTu4V4
asllex-star 	https://youtube.com/watch?v=mCQymnllI6g	star	mCQymnllI6g
asllex-starbucks	https://youtube.com/watch?v=FvES_n3ZK2w	starbucks	FvES_n3ZK2w
asllex-stars	https://youtube.com/watch?v=Z-AXjVCWho4	stars	Z-AXjVCWho4
asllex-start	https://youtube.com/watch?v=EPVzUCy40Cs	start	EPVzUCy40Cs
asllex-steak	https://youtube.com/watch?v=Mm90x4ouSqs	steak	Mm90x4ouSqs
asllex-steal	https://youtube.com/watch?v=tXrZD_5mEPk	steal	tXrZD_5mEPk
asllex-stethoscope	https://youtube.com/watch?v=0ExNhb2GlqU	stethoscope	0ExNhb2GlqU
asllex-stir 	https://youtube.com/watch?v=PLsxt3NLiSs	stir	PLsxt3NLiSs
asllex-stomach	https://youtube.com/watch?v=cSuk-U74vPM	stomach	cSuk-U74vPM
asllex-stop 	https://youtube.com/watch?v=bBtf2nxKnys	stop	bBtf2nxKnys
asllex-strange	https://youtube.com/watch?v=gEfo5LLWNmw	strange	gEfo5LLWNmw
asllex-strawberry 	https://youtube.com/watch?v=Sc5frH8YsyM	strawberry	Sc5frH8YsyM
asllex-street 	https://youtube.com/watch?v=D36elT6xRxY	street	D36elT6xRxY
asllex-stress 	https://youtube.com/watch?v=yKC9CK4dbPM	stress	yKC9CK4dbPM
asllex-strict 	https://youtube.com/watch?v=sq2bTvxumXQ	strict	sq2bTvxumXQ
asllex-stubborn 	https://youtube.com/watch?v=BqQalNUfFDs	stubborn	BqQalNUfFDs
asllex-student	https://youtube.com/watch?v=wdQC5BuX2ec	student	wdQC5BuX2ec
asllex-stupid_1 	https://youtube.com/watch?v=Xu0bnrptMxE	stupid	Xu0bnrptMxE
asllex-stupid_2 	https://youtube.com/watch?v=F_5EkKs5uLM	stupid	F_5EkKs5uLM
asllex-subtract 	https://youtube.com/watch?v=puc31cr2sos	subtract	puc31cr2sos
asllex-summarize	https://youtube.com/watch?v=O6t98qNUgjM	summarize	O6t98qNUgjM
asllex-summer 	https://youtube.com/watch?v=6_Pr0suftvI	summer	6_Pr0suftvI
asllex-sun	https://youtube.com/watch?v=Cz2vu4QnbAA	sun	Cz2vu4QnbAA
asllex-sunset 	https://youtube.com/watch?v=9OoMYYM22PQ	sunset	9OoMYYM22PQ
asllex-sure 	https://youtube.com/watch?v=gCFvolL22xg	sure	gCFvolL22xg
asllex-surf 	https://youtube.com/watch?v=cLsykhS5cy4	surf	cLsykhS5cy4
asllex-surgeon	https://youtube.com/watch?v=WyxGyhlhT6g	surgeon	WyxGyhlhT6g
asllex-surprise 	https://youtube.com/watch?v=7CVKZ75Q-Rg	surprise	7CVKZ75Q-Rg
asllex-sushi	https://youtube.com/watch?v=IWN9v0t7v_0	sushi	IWN9v0t7v_0
asllex-suspect	https://youtube.com/watch?v=1MuwoWTs5sA	suspect	1MuwoWTs5sA
asllex-swallow	https://youtube.com/watch?v=5dxS1bEQCtQ	swallow	5dxS1bEQCtQ
asllex-sweater	https://youtube.com/watch?v=WpZFBDjGK5U	sweater	WpZFBDjGK5U
asllex-sweep	https://youtube.com/watch?v=osBrnm1izic	sweep	osBrnm1izic
asllex-swing	https://youtube.com/watch?v=YUl6U7Q5jUs	swing	YUl6U7Q5jUs
asllex-sympathy 	https://youtube.com/watch?v=VrV6GnT3t98	pity	VrV6GnT3t98
asllex-table	https://youtube.com/watch?v=XtP6_KGsQwE	table	XtP6_KGsQwE
asllex-tail 	https://youtube.com/watch?v=0TofEs_0i1s	tail	0TofEs_0i1s
asllex-talk 	https://youtube.com/watch?v=2C95Ib4KdOg	talk	2C95Ib4KdOg
asllex-tall_1 	https://youtube.com/watch?v=qk-or6jz0Hk	tall	qk-or6jz0Hk
asllex-tall_2 	https://youtube.com/watch?v=sT8fYiXBtZE	tall	sT8fYiXBtZE
asllex-tea	https://youtube.com/watch?v=lu7CjOVmTWc	tea	lu7CjOVmTWc
asllex-teach	https://youtube.com/watch?v=qldl3qSEsOA	teach	qldl3qSEsOA
asllex-teacher	https://youtube.com/watch?v=EtRRcMFLqI0	teacher	EtRRcMFLqI0
asllex-tear 	https://youtube.com/watch?v=CfEwYnNhOwE	tear	CfEwYnNhOwE
asllex-tease	https://youtube.com/watch?v=XsYMsykADr0	tease	XsYMsykADr0
asllex-teeth	https://youtube.com/watch?v=M5HEb6IJJ8A	teeth	M5HEb6IJJ8A
asllex-telephone	https://youtube.com/watch?v=n2Q2JLRIunM	telephone	n2Q2JLRIunM
asllex-tell 	https://youtube.com/watch?v=giIzGcYftow	tell	giIzGcYftow
asllex-temptation 	https://youtube.com/watch?v=ZfR4av60gUg	temptation	ZfR4av60gUg
asllex-tennis 	https://youtube.com/watch?v=CjPLYpt1qQU	tennis	CjPLYpt1qQU
asllex-test 	https://youtube.com/watch?v=gluH0Ql0Yvg	test	gluH0Ql0Yvg
asllex-text 	https://youtube.com/watch?v=SgG0wrwDMtQ	text	SgG0wrwDMtQ
asllex-thanksgiving 	https://youtube.com/watch?v=3PcHDlj9WEc	thanksgiving	3PcHDlj9WEc
asllex-that 	https://youtube.com/watch?v=mYw6SXzfjm4	that	mYw6SXzfjm4
asllex-theater	https://youtube.com/watch?v=RHymLOHQeZk	theater	RHymLOHQeZk
asllex-there	https://youtube.com/watch?v=IijxlU5y7Fc	there	IijxlU5y7Fc
asllex-thermometer	https://youtube.com/watch?v=yrpbdl8GadM	thermometer	yrpbdl8GadM
asllex-thief_1	https://youtube.com/watch?v=LpDmPou9NQ8	thief	LpDmPou9NQ8
asllex-thief_2	https://youtube.com/watch?v=E-J_JrStj50	thief	E-J_JrStj50
asllex-thin 	https://youtube.com/watch?v=LCJYxgYwsVE	thin	LCJYxgYwsVE
asllex-things 	https://youtube.com/watch?v=wsdnpTbFL2U	things	wsdnpTbFL2U
asllex-think	https://youtube.com/watch?v=cn8LVfKb9LU	think	cn8LVfKb9LU
asllex-think_over 	https://youtube.com/watch?v=6a7VuSHVwhY	think over	6a7VuSHVwhY
asllex-thirsty	https://youtube.com/watch?v=4Y8Y4qrSP1s	thirsty	4Y8Y4qrSP1s
asllex-three	https://youtube.com/watch?v=PTTpt8y-AjE	three	PTTpt8y-AjE
asllex-throw	https://youtube.com/watch?v=4msfTmjM4lI	throw	4msfTmjM4lI
asllex-thursday 	https://youtube.com/watch?v=3HztBiJlikY	thursday	3HztBiJlikY
asllex-tie	https://youtube.com/watch?v=pH_3Eckrn5g	tie	pH_3Eckrn5g
asllex-tiger	https://youtube.com/watch?v=Bpsb4jSc7rg	tiger	Bpsb4jSc7rg
asllex-time 	https://youtube.com/watch?v=tXhJplJXFmo	time	tXhJplJXFmo
asllex-tired	https://youtube.com/watch?v=O3KYtygHfpU	tired	O3KYtygHfpU
asllex-toast	https://youtube.com/watch?v=QtOcTf4foDE	toast	QtOcTf4foDE
asllex-tobacco	https://youtube.com/watch?v=VgvWG6owGkA	tobacco	VgvWG6owGkA
asllex-toilet 	https://youtube.com/watch?v=LNt9e8b4Uwg	bathroom	LNt9e8b4Uwg
asllex-tomato 	https://youtube.com/watch?v=7rEt_cwFVIk	tomato	7rEt_cwFVIk
asllex-toothbrush 	https://youtube.com/watch?v=nOWOxLWmZAs	toothbrush	nOWOxLWmZAs
asllex-tornado	https://youtube.com/watch?v=Ovv4I0r8-6s	tornado	Ovv4I0r8-6s
asllex-tournament 	https://youtube.com/watch?v=2A6XaeRmBzA	tournament	2A6XaeRmBzA
asllex-traffic	https://youtube.com/watch?v=IxtVsN7oJGU	traffic	IxtVsN7oJGU
asllex-train	https://youtube.com/watch?v=dO9Ti2bgHIk	train	dO9Ti2bgHIk
asllex-translate	https://youtube.com/watch?v=piy4kuBeYIc	translate	piy4kuBeYIc
asllex-trash	https://youtube.com/watch?v=YmYGSmwwDX0	trash	YmYGSmwwDX0
asllex-travel 	https://youtube.com/watch?v=SurdQYvT3D8	travel	SurdQYvT3D8
asllex-tree 	https://youtube.com/watch?v=vD4FcFa54lg	tree	vD4FcFa54lg
asllex-trophy 	https://youtube.com/watch?v=CJzN_ivCeb8	trophy	CJzN_ivCeb8
asllex-trouble	https://youtube.com/watch?v=podFfUcZJlc	trouble	podFfUcZJlc
asllex-true 	https://youtube.com/watch?v=ruAsH5Jjbj8	true	ruAsH5Jjbj8
asllex-try	https://youtube.com/watch?v=Im7FVBBGhmk	try	Im7FVBBGhmk
asllex-turkey 	https://youtube.com/watch?v=hz0RfgqbRr4	turkey	hz0RfgqbRr4
asllex-turtle 	https://youtube.com/watch?v=xlZa4iOdIDQ	turtle	xlZa4iOdIDQ
asllex-TV 	https://youtube.com/watch?v=SzNmvpgBdmI	TV	SzNmvpgBdmI
asllex-two	https://youtube.com/watch?v=qwAqhQ4f0rk	two	qwAqhQ4f0rk
asllex-type 	https://youtube.com/watch?v=Tv_ZX3Nr64w	type	Tv_ZX3Nr64w
asllex-ugly 	https://youtube.com/watch?v=tXjf0A57N1I	ugly	tXjf0A57N1I
asllex-umbrella 	https://youtube.com/watch?v=7ep5eRb5xvA	umbrella	7ep5eRb5xvA
asllex-uncle	https://youtube.com/watch?v=qekgHNHb6mI	uncle	qekgHNHb6mI
asllex-understand 	https://youtube.com/watch?v=-5J6ZDndBxw	understand	-5J6ZDndBxw
asllex-underwear	https://youtube.com/watch?v=eUb3iJ__lJo	underwear	eUb3iJ__lJo
asllex-university 	https://youtube.com/watch?v=8_N3JXRd_vU	university	8_N3JXRd_vU
asllex-upload 	https://youtube.com/watch?v=WKu0Q4Pl2tc	upload	WKu0Q4Pl2tc
asllex-use	https://youtube.com/watch?v=wT0iVtB_4NA	use	wT0iVtB_4NA
asllex-vacation 	https://youtube.com/watch?v=rLWmidyFcBE	vacation	rLWmidyFcBE
asllex-vacuum 	https://youtube.com/watch?v=XOt0dj7lC8w	vacuum	XOt0dj7lC8w
asllex-vegetable	https://youtube.com/watch?v=T8c5eHxZik0	vegetable	T8c5eHxZik0
asllex-verb 	https://youtube.com/watch?v=hTjCreAn_9E	verb	hTjCreAn_9E
asllex-videocamera	https://youtube.com/watch?v=CiOti-yaKYE	videocamera	CiOti-yaKYE
asllex-videophone 	https://youtube.com/watch?v=ERuH2nmnOjA	videophone	ERuH2nmnOjA
asllex-violin 	https://youtube.com/watch?v=lDQsbdE0mZ8	violin	lDQsbdE0mZ8
asllex-voice	https://youtube.com/watch?v=-TIOtCHeAE8	voice	-TIOtCHeAE8
asllex-volleyball 	https://youtube.com/watch?v=MNxwwe6Zcck	volleyball	MNxwwe6Zcck
asllex-vomit	https://youtube.com/watch?v=Vfxe3bvoKdY	vomit	Vfxe3bvoKdY
asllex-vote 	https://youtube.com/watch?v=n-hsa81bP2k	vote	n-hsa81bP2k
asllex-wait 	https://youtube.com/watch?v=QlMV4KuPClU	wait	QlMV4KuPClU
asllex-waiter 	https://youtube.com/watch?v=DiqK_g-NT3s	waiter	DiqK_g-NT3s
asllex-walk 	https://youtube.com/watch?v=hhgODkjRmcg	walk	hhgODkjRmcg
asllex-wander 	https://youtube.com/watch?v=A5pKgtt-d5E	wander	A5pKgtt-d5E
asllex-want 	https://youtube.com/watch?v=Xl2VNuFGexI	want	Xl2VNuFGexI
asllex-war	https://youtube.com/watch?v=1orso0-X5bU	war	1orso0-X5bU
asllex-warm 	https://youtube.com/watch?v=5NTRZ84rDg8	warm	5NTRZ84rDg8
asllex-warn 	https://youtube.com/watch?v=HJj3P07CBFc	warn	HJj3P07CBFc
asllex-wash_machine 	https://youtube.com/watch?v=NRWcAvY7YQU	wash machine	NRWcAvY7YQU
asllex-waste	https://youtube.com/watch?v=g5OlOgEtCUQ	waste	g5OlOgEtCUQ
asllex-water	https://youtube.com/watch?v=BWUyTapkOvM	water	BWUyTapkOvM
asllex-wave 	https://youtube.com/watch?v=trbWkmpBo9g	wave	trbWkmpBo9g
asllex-way	https://youtube.com/watch?v=KOP-6M6qgto	way	KOP-6M6qgto
asllex-weak 	https://youtube.com/watch?v=tF7Z-Z-4-m8	weak	tF7Z-Z-4-m8
asllex-wear 	https://youtube.com/watch?v=hboZ91yH34E	wear	hboZ91yH34E
asllex-weather	https://youtube.com/watch?v=e9sabI7vO2A	weather	e9sabI7vO2A
asllex-wedding	https://youtube.com/watch?v=5o1jKu0OZp0	wedding	5o1jKu0OZp0
asllex-wednesday	https://youtube.com/watch?v=B4oR1A0G2gI	wednesday	B4oR1A0G2gI
asllex-week 	https://youtube.com/watch?v=H5GXBfRMT3M	week	H5GXBfRMT3M
asllex-weigh	https://youtube.com/watch?v=Ke1mna9qHcI	weigh	Ke1mna9qHcI
asllex-well 	https://youtube.com/watch?v=GYtfmjqMCfo	well	GYtfmjqMCfo
asllex-west 	https://youtube.com/watch?v=4M_eGGD6eEs	west	4M_eGGD6eEs
asllex-wet	https://youtube.com/watch?v=ArVu1vogzUc	wet	ArVu1vogzUc
asllex-what_1 	https://youtube.com/watch?v=sbODkAcZ5Mw	what	sbODkAcZ5Mw
asllex-what_2 	https://youtube.com/watch?v=XO9Lq5Gyuaw	what	XO9Lq5Gyuaw
asllex-what_for 	https://youtube.com/watch?v=9_xJ41GRLJU	what for	9_xJ41GRLJU
asllex-whatever 	https://youtube.com/watch?v=wMcN9jrFH-c	whatever	wMcN9jrFH-c
asllex-when 	https://youtube.com/watch?v=9Eh5DYPy09Q	when	9Eh5DYPy09Q
asllex-where	https://youtube.com/watch?v=Mrb2M9RV_KM	where	Mrb2M9RV_KM
asllex-which	https://youtube.com/watch?v=XgicaQCG8BU	which	XgicaQCG8BU
asllex-whip 	https://youtube.com/watch?v=vZgY0Lc0SKk	whip	vZgY0Lc0SKk
asllex-whistle	https://youtube.com/watch?v=I16CI7lhzJE	whistle	I16CI7lhzJE
asllex-who	https://youtube.com/watch?v=gDkZ2Zn3Sjg	who	gDkZ2Zn3Sjg
asllex-why	https://youtube.com/watch?v=Bp4hwb11MXo	why	Bp4hwb11MXo
asllex-wife 	https://youtube.com/watch?v=hWfPA0ZltzE	wife	hWfPA0ZltzE
asllex-win	https://youtube.com/watch?v=2vYnEG9tSuA	win	2vYnEG9tSuA
asllex-windmill 	https://youtube.com/watch?v=sc_Hq1jSEhA	windmill	sc_Hq1jSEhA
asllex-window 	https://youtube.com/watch?v=Ho2Pu4DGEOE	window	Ho2Pu4DGEOE
asllex-wine 	https://youtube.com/watch?v=2vg_8UX2bDQ	wine	2vg_8UX2bDQ
asllex-wink 	https://youtube.com/watch?v=mBskvIcz_Sg	wink	mBskvIcz_Sg
asllex-wish 	https://youtube.com/watch?v=drZjULlkJfI	wish	drZjULlkJfI
asllex-witch	https://youtube.com/watch?v=se6Dl-yIsdk	witch	se6Dl-yIsdk
asllex-with 	https://youtube.com/watch?v=etoY8lmULMg	with	etoY8lmULMg
asllex-wolf 	https://youtube.com/watch?v=wAApwasxBdg	wolf	wAApwasxBdg
asllex-woman	https://youtube.com/watch?v=2GhoeP8Gcyk	woman	2GhoeP8Gcyk
asllex-wonder 	https://youtube.com/watch?v=b6RZzR9yl7U	wonder	b6RZzR9yl7U
asllex-wood 	https://youtube.com/watch?v=TPzoBjUh-78	wood	TPzoBjUh-78
asllex-work 	https://youtube.com/watch?v=FwfWrRxzSxw	work	FwfWrRxzSxw
asllex-world	https://youtube.com/watch?v=pFYp5iyu1oE	world	pFYp5iyu1oE
asllex-worm 	https://youtube.com/watch?v=RnJTYYQxyxQ	worm	RnJTYYQxyxQ
asllex-worry	https://youtube.com/watch?v=2I9iOnoX13o	worry	2I9iOnoX13o
asllex-wristwatch 	https://youtube.com/watch?v=Mx3w7jSiatQ	wristwatch	Mx3w7jSiatQ
asllex-write	https://youtube.com/watch?v=ggCEDV4EoGs	write	ggCEDV4EoGs
asllex-wrong_1	https://youtube.com/watch?v=Dl5AFJH040s	wrong	Dl5AFJH040s
asllex-wrong_2	https://youtube.com/watch?v=hlVM_zS_dzw	wrong	hlVM_zS_dzw
asllex-yeah 	https://youtube.com/watch?v=6B2UatoHgVo	yeah	6B2UatoHgVo
asllex-year 	https://youtube.com/watch?v=21Naa_OgS4A	year	21Naa_OgS4A
asllex-yellow 	https://youtube.com/watch?v=beC9KQF_r1Q	yellow	beC9KQF_r1Q
asllex-yesterday	https://youtube.com/watch?v=Y4I4o8336WM	yesterday	Y4I4o8336WM
asllex-you	https://youtube.com/watch?v=u4ECcCgXTqs	you	u4ECcCgXTqs
asllex-young	https://youtube.com/watch?v=4CvemDSU8uQ	young	4CvemDSU8uQ
asllex-zero 	https://youtube.com/watch?v=0BpcKi24LKs	zero	0BpcKi24LKs
asllex-zipper 	https://youtube.com/watch?v=KQROUeeFHGg	zipper	KQROUeeFHGg
asllex-zoom_in	https://youtube.com/watch?v=l5Y8L6boKtw	zoom in	l5Y8L6boKtw
asllex-zoom_off 	https://youtube.com/watch?v=WBkexh756wQ	zoom off	WBkexh756wQ