mshwords-dPiTcoJm1JE	https://youtube.com/watch?v=dPiTcoJm1JE	Canoe	dPiTcoJm1JE
mshwords-kzJUia1ciEc	https://youtube.com/watch?v=kzJUia1ciEc	Dizzy	kzJUia1ciEc
mshwords-zO714VS813A	https://youtube.com/watch?v=zO714VS813A	Bacon	zO714VS813A
mshwords-D6HVVsJOfjQ	https://youtube.com/watch?v=D6HVVsJOfjQ	Candle	D6HVVsJOfjQ
mshwords-ff3rT5Agm9w	https://youtube.com/watch?v=ff3rT5Agm9w	Hotdog	ff3rT5Agm9w
mshwords-xKk6-G-9PuQ	https://youtube.com/watch?v=xKk6-G-9PuQ	Hamburger	xKk6-G-9PuQ
mshwords-wMHUitqSpqA	https://youtube.com/watch?v=wMHUitqSpqA	Nervous	wMHUitqSpqA
mshwords-_vRTNW-LTIw	https://youtube.com/watch?v=_vRTNW-LTIw	Banana	_vRTNW-LTIw
mshwords-cSVrWOM4w9E	https://youtube.com/watch?v=cSVrWOM4w9E	Peanut butter	cSVrWOM4w9E
mshwords-QBEc0WV0HFg	https://youtube.com/watch?v=QBEc0WV0HFg	Read	QBEc0WV0HFg
mshwords-Io-4_Sihxjw	https://youtube.com/watch?v=Io-4_Sihxjw	Maybe	Io-4_Sihxjw
mshwords-97AFI7etcqE	https://youtube.com/watch?v=97AFI7etcqE	Embarrassed	97AFI7etcqE
mshwords-gZIjuoo_HgE	https://youtube.com/watch?v=gZIjuoo_HgE	Dirty	gZIjuoo_HgE
mshwords-C2NTdpAKwSk	https://youtube.com/watch?v=C2NTdpAKwSk	Clean	C2NTdpAKwSk
mshwords-hms9IAYmdP4	https://youtube.com/watch?v=hms9IAYmdP4	Adopt	hms9IAYmdP4
mshwords-f_Zdhv0L4co	https://youtube.com/watch?v=f_Zdhv0L4co	Right	f_Zdhv0L4co
mshwords-1MOmdaPT-tQ	https://youtube.com/watch?v=1MOmdaPT-tQ	Wrong	1MOmdaPT-tQ
mshwords-CUU8bLuImSw	https://youtube.com/watch?v=CUU8bLuImSw	Football	CUU8bLuImSw
mshwords-HTYai8VaHZI	https://youtube.com/watch?v=HTYai8VaHZI	Penguin	HTYai8VaHZI
mshwords-8FBFKyyyjrk	https://youtube.com/watch?v=8FBFKyyyjrk	Clock	8FBFKyyyjrk
mshwords-yxPNepC1zzA	https://youtube.com/watch?v=yxPNepC1zzA	Silly	yxPNepC1zzA
mshwords-f9meqhPFwzk	https://youtube.com/watch?v=f9meqhPFwzk	Family	f9meqhPFwzk
mshwords-tuAdwUZcy6U	https://youtube.com/watch?v=tuAdwUZcy6U	Fun	tuAdwUZcy6U
mshwords-mUgvl0OMMpo	https://youtube.com/watch?v=mUgvl0OMMpo	Carrot	mUgvl0OMMpo
mshwords-nRGR-V-h1BY	https://youtube.com/watch?v=nRGR-V-h1BY	Art	nRGR-V-h1BY
mshwords-_97WGJBoz1Q	https://youtube.com/watch?v=_97WGJBoz1Q	Camel	_97WGJBoz1Q
mshwords-JLc0AuF5bbk	https://youtube.com/watch?v=JLc0AuF5bbk	hockey	JLc0AuF5bbk
mshwords-G6QWNquOBL8	https://youtube.com/watch?v=G6QWNquOBL8	blueberries	G6QWNquOBL8
mshwords-m3oadKyVIoM	https://youtube.com/watch?v=m3oadKyVIoM	gorilla	m3oadKyVIoM
mshwords-_t2vvekDck0	https://youtube.com/watch?v=_t2vvekDck0	outside	_t2vvekDck0
mshwords-LpATdGlRywA	https://youtube.com/watch?v=LpATdGlRywA	ruler	LpATdGlRywA
mshwords-1MLj3apwjG0	https://youtube.com/watch?v=1MLj3apwjG0	notebook	1MLj3apwjG0
mshwords-1irD9BtbyR4	https://youtube.com/watch?v=1irD9BtbyR4	pencil	1irD9BtbyR4
mshwords-XM-kGohbJ3E	https://youtube.com/watch?v=XM-kGohbJ3E	bag	XM-kGohbJ3E
mshwords-Lpt2iyuuXZE	https://youtube.com/watch?v=Lpt2iyuuXZE	pen	Lpt2iyuuXZE
mshwords-T4s3grUN9vw	https://youtube.com/watch?v=T4s3grUN9vw	TV	T4s3grUN9vw
mshwords-ZnCR6BKbiCY	https://youtube.com/watch?v=ZnCR6BKbiCY	ocean	ZnCR6BKbiCY
mshwords-pugV1sGaiBY	https://youtube.com/watch?v=pugV1sGaiBY	sea	pugV1sGaiBY
mshwords-y8DGbpqeTJk	https://youtube.com/watch?v=y8DGbpqeTJk	puppet	y8DGbpqeTJk
mshwords-AXfHDKKFZ6Y	https://youtube.com/watch?v=AXfHDKKFZ6Y	barn	AXfHDKKFZ6Y
mshwords-ds3l404aN-4	https://youtube.com/watch?v=ds3l404aN-4	Piggyback	ds3l404aN-4
mshwords-Yo9gQpFOGlM	https://youtube.com/watch?v=Yo9gQpFOGlM	smart	Yo9gQpFOGlM
mshwords-pIbyhYXyU2c	https://youtube.com/watch?v=pIbyhYXyU2c	exercise	pIbyhYXyU2c
mshwords-NY3f0h62fZc	https://youtube.com/watch?v=NY3f0h62fZc	beautiful	NY3f0h62fZc
mshwords-BXQDS3KsILg	https://youtube.com/watch?v=BXQDS3KsILg	good night	BXQDS3KsILg
mshwords-Wuyexm8oBFk	https://youtube.com/watch?v=Wuyexm8oBFk	pretty	Wuyexm8oBFk
mshwords-XIlP61zLAS8	https://youtube.com/watch?v=XIlP61zLAS8	watermelon	XIlP61zLAS8
mshwords-3wNZxHVppqY	https://youtube.com/watch?v=3wNZxHVppqY	song	3wNZxHVppqY
mshwords-z3f7xF56vvA	https://youtube.com/watch?v=z3f7xF56vvA	good morning	z3f7xF56vvA
mshwords-gKo7vhi393c	https://youtube.com/watch?v=gKo7vhi393c	sing	gKo7vhi393c
mshwords-wzgoIwWuhis	https://youtube.com/watch?v=wzgoIwWuhis	bird	wzgoIwWuhis
mshwords-vbJEMzjt6VM	https://youtube.com/watch?v=vbJEMzjt6VM	nurse	vbJEMzjt6VM
mshwords-vyK5H_KiI5c	https://youtube.com/watch?v=vyK5H_KiI5c	school bus	vyK5H_KiI5c
mshwords-u8A5KRYn5as	https://youtube.com/watch?v=u8A5KRYn5as	bus	u8A5KRYn5as
mshwords-7ga3PwcbBEs	https://youtube.com/watch?v=7ga3PwcbBEs	puzzle	7ga3PwcbBEs
mshwords-i-PzqaE5FTY	https://youtube.com/watch?v=i-PzqaE5FTY	smile	i-PzqaE5FTY
mshwords-RtRweXznTrM	https://youtube.com/watch?v=RtRweXznTrM	goat	RtRweXznTrM
mshwords-mlCQf9rb0hw	https://youtube.com/watch?v=mlCQf9rb0hw	park	mlCQf9rb0hw
mshwords-v_lIQ6FATyc	https://youtube.com/watch?v=v_lIQ6FATyc	carefu	v_lIQ6FATyc
mshwords-L-CTxRDwygY	https://youtube.com/watch?v=L-CTxRDwygY	playground	L-CTxRDwygY
mshwords-wscjPgMUO8c	https://youtube.com/watch?v=wscjPgMUO8c	recycle	wscjPgMUO8c
mshwords-gwmaN5FHAJE	https://youtube.com/watch?v=gwmaN5FHAJE	toast	gwmaN5FHAJE
mshwords-rM0mRDYojoU	https://youtube.com/watch?v=rM0mRDYojoU	rice	rM0mRDYojoU
mshwords-2Q_uFOZ_yzM	https://youtube.com/watch?v=2Q_uFOZ_yzM	french fries	2Q_uFOZ_yzM
mshwords-bSMCOx2Amz8	https://youtube.com/watch?v=bSMCOx2Amz8	ra	bSMCOx2Amz8
mshwords-Ij0BN3lbqj4	https://youtube.com/watch?v=Ij0BN3lbqj4	fire	Ij0BN3lbqj4
mshwords-Lh2LZplT8eo	https://youtube.com/watch?v=Lh2LZplT8eo	yellow	Lh2LZplT8eo
mshwords-6T93Q_bWZQM	https://youtube.com/watch?v=6T93Q_bWZQM	yogurt	6T93Q_bWZQM
mshwords-ekc3FLyCGTo	https://youtube.com/watch?v=ekc3FLyCGTo	zoo	ekc3FLyCGTo
mshwords--P77zWZ6R4g	https://youtube.com/watch?v=-P77zWZ6R4g	xylophone	-P77zWZ6R4g
mshwords-E0nkn4JtHgU	https://youtube.com/watch?v=E0nkn4JtHgU	yes	E0nkn4JtHgU
mshwords-mmQm6M0isXw	https://youtube.com/watch?v=mmQm6M0isXw	zebra	mmQm6M0isXw
mshwords-LtrmtOpUZuo	https://youtube.com/watch?v=LtrmtOpUZuo	work	LtrmtOpUZuo
mshwords-3QSl9Cy4rLk	https://youtube.com/watch?v=3QSl9Cy4rLk	wind	3QSl9Cy4rLk
mshwords-D0Aq3IzYnUU	https://youtube.com/watch?v=D0Aq3IzYnUU	white	D0Aq3IzYnUU
mshwords-Y_NFwTzfOso	https://youtube.com/watch?v=Y_NFwTzfOso	window	Y_NFwTzfOso
mshwords-kHhMUvjWhC4	https://youtube.com/watch?v=kHhMUvjWhC4	wet	kHhMUvjWhC4
mshwords-m49LzvNVTgc	https://youtube.com/watch?v=m49LzvNVTgc	water	m49LzvNVTgc
mshwords-aeZKNdfmbPo	https://youtube.com/watch?v=aeZKNdfmbPo	what	aeZKNdfmbPo
mshwords-Fv1a5oykz_w	https://youtube.com/watch?v=Fv1a5oykz_w	where	Fv1a5oykz_w
mshwords-3vH-22ZBt7w	https://youtube.com/watch?v=3vH-22ZBt7w	warm	3vH-22ZBt7w
mshwords-ZC2YxwACaps	https://youtube.com/watch?v=ZC2YxwACaps	whale	ZC2YxwACaps
mshwords-6NbWbvNNZCU	https://youtube.com/watch?v=6NbWbvNNZCU	van	6NbWbvNNZCU
mshwords-6YIy2EVFKaA	https://youtube.com/watch?v=6YIy2EVFKaA	want	6YIy2EVFKaA
mshwords-00unSWQO1to	https://youtube.com/watch?v=00unSWQO1to	walk	00unSWQO1to
mshwords-JhY6LBIedX4	https://youtube.com/watch?v=JhY6LBIedX4	wash	JhY6LBIedX4
mshwords-Rs-o6f3qhLo	https://youtube.com/watch?v=Rs-o6f3qhLo	vegetable	Rs-o6f3qhLo
mshwords-7QkAKQSXmUI	https://youtube.com/watch?v=7QkAKQSXmUI	wagon	7QkAKQSXmUI
mshwords-aY33rcl9jXk	https://youtube.com/watch?v=aY33rcl9jXk	understand	aY33rcl9jXk
mshwords-bNS3lgNLp84	https://youtube.com/watch?v=bNS3lgNLp84	train	bNS3lgNLp84
mshwords-Iieh04NLy7c	https://youtube.com/watch?v=Iieh04NLy7c	truck	Iieh04NLy7c
mshwords-m5Ga9b1frkQ	https://youtube.com/watch?v=m5Ga9b1frkQ	uncle	m5Ga9b1frkQ
mshwords-Km6_1PRzXZg	https://youtube.com/watch?v=Km6_1PRzXZg	umbrella	Km6_1PRzXZg
mshwords-NFkbdYkWdfU	https://youtube.com/watch?v=NFkbdYkWdfU	turn (taking turns)	NFkbdYkWdfU
mshwords-uc6uVXnBP2I	https://youtube.com/watch?v=uc6uVXnBP2I	up	uc6uVXnBP2I
mshwords-aL_Agw1we6g	https://youtube.com/watch?v=aL_Agw1we6g	toy	aL_Agw1we6g
mshwords-0vX9AXhZ3ig	https://youtube.com/watch?v=0vX9AXhZ3ig	turtle	0vX9AXhZ3ig
mshwords-Jr39EDcSNYg	https://youtube.com/watch?v=Jr39EDcSNYg	tree	Jr39EDcSNYg
mshwords-k-AZCZlPECE	https://youtube.com/watch?v=k-AZCZlPECE	tired	k-AZCZlPECE
mshwords-y1dTUNLY0Mo	https://youtube.com/watch?v=y1dTUNLY0Mo	toothbrush	y1dTUNLY0Mo
mshwords-XPIDw_cNSFA	https://youtube.com/watch?v=XPIDw_cNSFA	tiger	XPIDw_cNSFA
mshwords-1PKooRIBbKo	https://youtube.com/watch?v=1PKooRIBbKo	thank you	1PKooRIBbKo
mshwords-_HOx2QkkTsg	https://youtube.com/watch?v=_HOx2QkkTsg	teacher	_HOx2QkkTsg
mshwords-bO9HuQgKqC8	https://youtube.com/watch?v=bO9HuQgKqC8	store	bO9HuQgKqC8
mshwords-jqGbHglu70U	https://youtube.com/watch?v=jqGbHglu70U	telephone	jqGbHglu70U
mshwords-Zv3oNQQS8Wg	https://youtube.com/watch?v=Zv3oNQQS8Wg	table	Zv3oNQQS8Wg
mshwords-oIO10L8kZGI	https://youtube.com/watch?v=oIO10L8kZGI	swing	oIO10L8kZGI
mshwords-sZjkQ1T1JWY	https://youtube.com/watch?v=sZjkQ1T1JWY	sun	sZjkQ1T1JWY
mshwords-Gju67TMAe14	https://youtube.com/watch?v=Gju67TMAe14	talk	Gju67TMAe14
mshwords-pPAi70srlH4	https://youtube.com/watch?v=pPAi70srlH4	surprised	pPAi70srlH4
mshwords-Jwjs1LVxnmE	https://youtube.com/watch?v=Jwjs1LVxnmE	stop	Jwjs1LVxnmE
mshwords-BwC5ZAiiKoo	https://youtube.com/watch?v=BwC5ZAiiKoo	swim	BwC5ZAiiKoo
mshwords-9tDwUqWmoAs	https://youtube.com/watch?v=9tDwUqWmoAs	start	9tDwUqWmoAs
mshwords-Z8MlX0zVMPA	https://youtube.com/watch?v=Z8MlX0zVMPA	strawberry	Z8MlX0zVMPA
mshwords-D3QYr6U1cgs	https://youtube.com/watch?v=D3QYr6U1cgs	road	D3QYr6U1cgs
mshwords-0Hf1G2xyvoQ	https://youtube.com/watch?v=0Hf1G2xyvoQ	stroller	0Hf1G2xyvoQ
mshwords-T-XLhg0hH-k	https://youtube.com/watch?v=T-XLhg0hH-k	spaghetti	T-XLhg0hH-k
mshwords-KTI22_xlyA4	https://youtube.com/watch?v=KTI22_xlyA4	stars	KTI22_xlyA4
mshwords-p9Wd1KgloAo	https://youtube.com/watch?v=p9Wd1KgloAo	squirrel	p9Wd1KgloAo
mshwords-Rnq-JsBAfAg	https://youtube.com/watch?v=Rnq-JsBAfAg	picture	Rnq-JsBAfAg
mshwords-Nvo5W_zM2s0	https://youtube.com/watch?v=Nvo5W_zM2s0	stand	Nvo5W_zM2s0
mshwords-toXpklFYUtI	https://youtube.com/watch?v=toXpklFYUtI	sister	toXpklFYUtI
mshwords-uUyXhxeunF4	https://youtube.com/watch?v=uUyXhxeunF4	sleep	uUyXhxeunF4
mshwords-fTqUgH8BqHs	https://youtube.com/watch?v=fTqUgH8BqHs	snow	fTqUgH8BqHs
mshwords-ZzeqpVmlFFY	https://youtube.com/watch?v=ZzeqpVmlFFY	sick	ZzeqpVmlFFY
mshwords-siQnKSRRg_c	https://youtube.com/watch?v=siQnKSRRg_c	sorry	siQnKSRRg_c
mshwords-nCIuUKE4LY4	https://youtube.com/watch?v=nCIuUKE4LY4	slide	nCIuUKE4LY4
mshwords-oOJKizLq4jQ	https://youtube.com/watch?v=oOJKizLq4jQ	socks	oOJKizLq4jQ
mshwords-fgt8o9YSV_8	https://youtube.com/watch?v=fgt8o9YSV_8	sign	fgt8o9YSV_8
mshwords-itl8eS3MH1s	https://youtube.com/watch?v=itl8eS3MH1s	soup	itl8eS3MH1s
mshwords-DrwqlQLNQ7w	https://youtube.com/watch?v=DrwqlQLNQ7w	sky	DrwqlQLNQ7w
mshwords--QedXVRVkSo	https://youtube.com/watch?v=-QedXVRVkSo	run	-QedXVRVkSo
mshwords-9nADJh4qoxE	https://youtube.com/watch?v=9nADJh4qoxE	shoes	9nADJh4qoxE
mshwords-OKB0O9kPYgo	https://youtube.com/watch?v=OKB0O9kPYgo	shy	OKB0O9kPYgo
mshwords-KOIn3oM6waM	https://youtube.com/watch?v=KOIn3oM6waM	share	KOIn3oM6waM
mshwords-K2AZZ6Pqm4E	https://youtube.com/watch?v=K2AZZ6Pqm4E	sheep	K2AZZ6Pqm4E
mshwords-ka3KWo7owKE	https://youtube.com/watch?v=ka3KWo7owKE	shirt	ka3KWo7owKE
mshwords-_AFjjifjTpc	https://youtube.com/watch?v=_AFjjifjTpc	same	_AFjjifjTpc
mshwords-RISfMnVFUZw	https://youtube.com/watch?v=RISfMnVFUZw	sad	RISfMnVFUZw
mshwords--A4DGiMwiu8	https://youtube.com/watch?v=-A4DGiMwiu8	school	-A4DGiMwiu8
mshwords-HiRHs2d8WiM	https://youtube.com/watch?v=HiRHs2d8WiM	scared	HiRHs2d8WiM
mshwords-WeAFuzYTdtU	https://youtube.com/watch?v=WeAFuzYTdtU	rainbow	WeAFuzYTdtU
mshwords-OPGIznWXYYE	https://youtube.com/watch?v=OPGIznWXYYE	rock	OPGIznWXYYE
mshwords-wrOliz8PMCA	https://youtube.com/watch?v=wrOliz8PMCA	rain	wrOliz8PMCA
mshwords-s9KsH2d64EA	https://youtube.com/watch?v=s9KsH2d64EA	red	s9KsH2d64EA
mshwords-PFjSdqC5Kr4	https://youtube.com/watch?v=PFjSdqC5Kr4	raccoon	PFjSdqC5Kr4
mshwords-Sh6W7OOfnoQ	https://youtube.com/watch?v=Sh6W7OOfnoQ	purple	Sh6W7OOfnoQ
mshwords-C7Fym1W5XuA	https://youtube.com/watch?v=C7Fym1W5XuA	potty	C7Fym1W5XuA
mshwords-YadMZERG9j4	https://youtube.com/watch?v=YadMZERG9j4	proud	YadMZERG9j4
mshwords-Q6CfqYwp1ag	https://youtube.com/watch?v=Q6CfqYwp1ag	please	Q6CfqYwp1ag
mshwords-NNBYLPPwRQc	https://youtube.com/watch?v=NNBYLPPwRQc	potato	NNBYLPPwRQc
mshwords-emWmDHO5JMU	https://youtube.com/watch?v=emWmDHO5JMU	quiet	emWmDHO5JMU
mshwords-8ZXnFKV-SwA	https://youtube.com/watch?v=8ZXnFKV-SwA	pink	8ZXnFKV-SwA
mshwords--1rVTxkGxGw	https://youtube.com/watch?v=-1rVTxkGxGw	queen	-1rVTxkGxGw
mshwords-pCtVD9mMmiw	https://youtube.com/watch?v=pCtVD9mMmiw	police	pCtVD9mMmiw
mshwords-qo1AvsD1ZH0	https://youtube.com/watch?v=qo1AvsD1ZH0	play	qo1AvsD1ZH0
mshwords-DxJ-AWhbw-w	https://youtube.com/watch?v=DxJ-AWhbw-w	pear	DxJ-AWhbw-w
mshwords-W3y2cfRkEag	https://youtube.com/watch?v=W3y2cfRkEag	piano	W3y2cfRkEag
mshwords-znhZokCzb7o	https://youtube.com/watch?v=znhZokCzb7o	pig	znhZokCzb7o
mshwords-wv43RfAlVjU	https://youtube.com/watch?v=wv43RfAlVjU	peach	wv43RfAlVjU
mshwords-f40adWik_LE	https://youtube.com/watch?v=f40adWik_LE	party	f40adWik_LE
mshwords-muOuyeUOPcA	https://youtube.com/watch?v=muOuyeUOPcA	panda	muOuyeUOPcA
mshwords-lJdyRlC54lo	https://youtube.com/watch?v=lJdyRlC54lo	owl	lJdyRlC54lo
mshwords-1ed4n_Lzo5Q	https://youtube.com/watch?v=1ed4n_Lzo5Q	open	1ed4n_Lzo5Q
mshwords-b6jfBqlL5_I	https://youtube.com/watch?v=b6jfBqlL5_I	octopus	b6jfBqlL5_I
mshwords-i-n-z_IX5QI	https://youtube.com/watch?v=i-n-z_IX5QI	old	i-n-z_IX5QI
mshwords-n5Mfe7smsaY	https://youtube.com/watch?v=n5Mfe7smsaY	on	n5Mfe7smsaY
mshwords-6cuCNgfTv5U	https://youtube.com/watch?v=6cuCNgfTv5U	new	6cuCNgfTv5U
mshwords-4iWzK-kKmIU	https://youtube.com/watch?v=4iWzK-kKmIU	orange	4iWzK-kKmIU
mshwords-jyS1n_ctuVM	https://youtube.com/watch?v=jyS1n_ctuVM	night	jyS1n_ctuVM
mshwords-aRo17Zz53lU	https://youtube.com/watch?v=aRo17Zz53lU	off	aRo17Zz53lU
mshwords-FH_KE5vmmDE	https://youtube.com/watch?v=FH_KE5vmmDE	moose	FH_KE5vmmDE
mshwords-yDNcxRM9Nf8	https://youtube.com/watch?v=yDNcxRM9Nf8	no	yDNcxRM9Nf8
mshwords-enJfJkMD6-4	https://youtube.com/watch?v=enJfJkMD6-4	music	enJfJkMD6-4
mshwords-4sZCJeSbut8	https://youtube.com/watch?v=4sZCJeSbut8	more	4sZCJeSbut8
mshwords-0V2JZuxb9ks	https://youtube.com/watch?v=0V2JZuxb9ks	movie	0V2JZuxb9ks
mshwords-_aMZroO2cIs	https://youtube.com/watch?v=_aMZroO2cIs	mouse	_aMZroO2cIs
mshwords-nFcSfNCaLLg	https://youtube.com/watch?v=nFcSfNCaLLg	money	nFcSfNCaLLg
mshwords-oNzxFlONiNE	https://youtube.com/watch?v=oNzxFlONiNE	moon	oNzxFlONiNE
mshwords-Ww8DUtXvlyA	https://youtube.com/watch?v=Ww8DUtXvlyA	lion	Ww8DUtXvlyA
mshwords-p0pH9V0frOs	https://youtube.com/watch?v=p0pH9V0frOs	mommy	p0pH9V0frOs
mshwords-7AV_3wsY7fk	https://youtube.com/watch?v=7AV_3wsY7fk	monkey	7AV_3wsY7fk
mshwords-l6jQk6eKh4o	https://youtube.com/watch?v=l6jQk6eKh4o	mad	l6jQk6eKh4o
mshwords-jDtqFtV8dbc	https://youtube.com/watch?v=jDtqFtV8dbc	milk	jDtqFtV8dbc
mshwords-uv_2eSsohdI	https://youtube.com/watch?v=uv_2eSsohdI	medicine	uv_2eSsohdI
mshwords-jQAugiV-lLA	https://youtube.com/watch?v=jQAugiV-lLA	light	jQAugiV-lLA
mshwords-GqF8lSxalYo	https://youtube.com/watch?v=GqF8lSxalYo	like	GqF8lSxalYo
mshwords-hSDA_I69yDk	https://youtube.com/watch?v=hSDA_I69yDk	love	hSDA_I69yDk
mshwords-qKGrnO0xHpw	https://youtube.com/watch?v=qKGrnO0xHpw	leaf	qKGrnO0xHpw
mshwords--nYGf9fvzk0	https://youtube.com/watch?v=-nYGf9fvzk0	kite	-nYGf9fvzk0
mshwords-03TT_dQ_eQ4	https://youtube.com/watch?v=03TT_dQ_eQ4	laugh	03TT_dQ_eQ4
mshwords-HBXihyVrvuk	https://youtube.com/watch?v=HBXihyVrvuk	kiss	HBXihyVrvuk
mshwords-JFJdZWrPQK4	https://youtube.com/watch?v=JFJdZWrPQK4	I love you	JFJdZWrPQK4
mshwords-GB1-C29D0bY	https://youtube.com/watch?v=GB1-C29D0bY	jump	GB1-C29D0bY
mshwords-Hkq0DcmpCIY	https://youtube.com/watch?v=Hkq0DcmpCIY	kangaroo	Hkq0DcmpCIY
mshwords-5Vuya0Xuc-I	https://youtube.com/watch?v=5Vuya0Xuc-I	hurt	5Vuya0Xuc-I
mshwords-T24sxbOrNYw	https://youtube.com/watch?v=T24sxbOrNYw	jacket	T24sxbOrNYw
mshwords-nVLjL0yhAUA	https://youtube.com/watch?v=nVLjL0yhAUA	juice	nVLjL0yhAUA
mshwords-DhcTHDFqTfI	https://youtube.com/watch?v=DhcTHDFqTfI	help	DhcTHDFqTfI
mshwords-7rObK2nPJ-o	https://youtube.com/watch?v=7rObK2nPJ-o	in	7rObK2nPJ-o
mshwords-vooL1deih08	https://youtube.com/watch?v=vooL1deih08	ice cream	vooL1deih08
mshwords-mYptkgPTv_o	https://youtube.com/watch?v=mYptkgPTv_o	hot	mYptkgPTv_o
mshwords-FtsaVUE23pU	https://youtube.com/watch?v=FtsaVUE23pU	horse	FtsaVUE23pU
mshwords-G7yDSwG1bh8	https://youtube.com/watch?v=G7yDSwG1bh8	hungry	G7yDSwG1bh8
mshwords-DpCh_1asLLk	https://youtube.com/watch?v=DpCh_1asLLk	hug	DpCh_1asLLk
mshwords-Aw-Jrtr73To	https://youtube.com/watch?v=Aw-Jrtr73To	house	Aw-Jrtr73To
mshwords-9AQ06Lhn_fU	https://youtube.com/watch?v=9AQ06Lhn_fU	helicopter	9AQ06Lhn_fU
mshwords-D5Glywo1wSA	https://youtube.com/watch?v=D5Glywo1wSA	happy	D5Glywo1wSA
mshwords-HEdYmudPgEM	https://youtube.com/watch?v=HEdYmudPgEM	home	HEdYmudPgEM
mshwords-Z1yysFFbsrQ	https://youtube.com/watch?v=Z1yysFFbsrQ	hat	Z1yysFFbsrQ
mshwords-Fef0GDkOO6k	https://youtube.com/watch?v=Fef0GDkOO6k	good	Fef0GDkOO6k
mshwords-AMVIt2W4eYE	https://youtube.com/watch?v=AMVIt2W4eYE	green	AMVIt2W4eYE
mshwords-gcHEOZDLbgk	https://youtube.com/watch?v=gcHEOZDLbgk	grass	gcHEOZDLbgk
mshwords-nr_KHEedXb4	https://youtube.com/watch?v=nr_KHEedXb4	grapes	nr_KHEedXb4
mshwords-DwrJUQzfl3M	https://youtube.com/watch?v=DwrJUQzfl3M	grumpy	DwrJUQzfl3M
mshwords-t82uroppX64	https://youtube.com/watch?v=t82uroppX64	girl	t82uroppX64
mshwords-wbScz3a4NLk	https://youtube.com/watch?v=wbScz3a4NLk	go	wbScz3a4NLk
mshwords-_ct_E9MU_2U	https://youtube.com/watch?v=_ct_E9MU_2U	full	_ct_E9MU_2U
mshwords-pg0WjHhrnNY	https://youtube.com/watch?v=pg0WjHhrnNY	grandma	pg0WjHhrnNY
mshwords-s9dAwadJmN0	https://youtube.com/watch?v=s9dAwadJmN0	grandpa	s9dAwadJmN0
mshwords-OtdCCUxdwF8	https://youtube.com/watch?v=OtdCCUxdwF8	glasses	OtdCCUxdwF8
mshwords-gczvkh5m1Yg	https://youtube.com/watch?v=gczvkh5m1Yg	gentle	gczvkh5m1Yg
mshwords-hgJWzXtQr90	https://youtube.com/watch?v=hgJWzXtQr90	frustrated	hgJWzXtQr90
mshwords-ojSOUWMVmno	https://youtube.com/watch?v=ojSOUWMVmno	giraffe	ojSOUWMVmno
mshwords-yv-SHw793s4	https://youtube.com/watch?v=yv-SHw793s4	frog	yv-SHw793s4
mshwords-99YLTupPDks	https://youtube.com/watch?v=99YLTupPDks	fireworks	99YLTupPDks
mshwords-hrH2ZfCyJDo	https://youtube.com/watch?v=hrH2ZfCyJDo	friend	hrH2ZfCyJDo
mshwords-xeXKb9jt158	https://youtube.com/watch?v=xeXKb9jt158	fruit	xeXKb9jt158
mshwords-L1ocXM_uzLA	https://youtube.com/watch?v=L1ocXM_uzLA	finished	L1ocXM_uzLA
mshwords-qxkNda-oprk	https://youtube.com/watch?v=qxkNda-oprk	fly	qxkNda-oprk
mshwords-vGxPvQ-UXTo	https://youtube.com/watch?v=vGxPvQ-UXTo	fix	vGxPvQ-UXTo
mshwords-6Chvc_oHiDA	https://youtube.com/watch?v=6Chvc_oHiDA	fo	6Chvc_oHiDA
mshwords-bp4WZhhMui0	https://youtube.com/watch?v=bp4WZhhMui0	flower	bp4WZhhMui0
mshwords-5Il-xiR3wtc	https://youtube.com/watch?v=5Il-xiR3wtc	firefighter	5Il-xiR3wtc
mshwords--rMYWv4caVo	https://youtube.com/watch?v=-rMYWv4caVo	fish	-rMYWv4caVo
mshwords-8H4aoysCDiQ	https://youtube.com/watch?v=8H4aoysCDiQ	farmer	8H4aoysCDiQ
mshwords-7dhCwi83vgk	https://youtube.com/watch?v=7dhCwi83vgk	farm	7dhCwi83vgk
mshwords-CaVfSGmQz2k	https://youtube.com/watch?v=CaVfSGmQz2k	fa	CaVfSGmQz2k
mshwords-mONu31r-eaM	https://youtube.com/watch?v=mONu31r-eaM	excited	mONu31r-eaM
mshwords-IuoD-5xMQjU	https://youtube.com/watch?v=IuoD-5xMQjU	dry	IuoD-5xMQjU
mshwords-GFSf6YRJSw4	https://youtube.com/watch?v=GFSf6YRJSw4	duck	GFSf6YRJSw4
mshwords-E4LtjQ3gUO0	https://youtube.com/watch?v=E4LtjQ3gUO0	eat	E4LtjQ3gUO0
mshwords-Jx_P0qiEeIo	https://youtube.com/watch?v=Jx_P0qiEeIo	elephant	Jx_P0qiEeIo
mshwords-XhsACc1jw0s	https://youtube.com/watch?v=XhsACc1jw0s	drink	XhsACc1jw0s
mshwords-1ld-_jscH2s	https://youtube.com/watch?v=1ld-_jscH2s	egg	1ld-_jscH2s
mshwords-9Y7sbWGO4sQ	https://youtube.com/watch?v=9Y7sbWGO4sQ	don't like	9Y7sbWGO4sQ
mshwords-JFFLwaYTg_Y	https://youtube.com/watch?v=JFFLwaYTg_Y	dress (get dressed)	JFFLwaYTg_Y
mshwords--hqDgX6tyrU	https://youtube.com/watch?v=-hqDgX6tyrU	dolphi	-hqDgX6tyrU
mshwords-Xtu0wI2_P4E	https://youtube.com/watch?v=Xtu0wI2_P4E	cereal	Xtu0wI2_P4E
mshwords-PTTo14Q1_RM	https://youtube.com/watch?v=PTTo14Q1_RM	dentist	PTTo14Q1_RM
mshwords-xO1ra_8S_0A	https://youtube.com/watch?v=xO1ra_8S_0A	diaper	xO1ra_8S_0A
mshwords-bgSFhvA2bUE	https://youtube.com/watch?v=bgSFhvA2bUE	doctor	bgSFhvA2bUE
mshwords--P-E9wgyciU	https://youtube.com/watch?v=-P-E9wgyciU	dinosaur	-P-E9wgyciU
mshwords-WmSCnRT_9TI	https://youtube.com/watch?v=WmSCnRT_9TI	doll	WmSCnRT_9TI
mshwords-Ou-7SRWs0e0	https://youtube.com/watch?v=Ou-7SRWs0e0	do	Ou-7SRWs0e0
mshwords-kL7rWUFG_4c	https://youtube.com/watch?v=kL7rWUFG_4c	dance	kL7rWUFG_4c
mshwords-NI46B8bzMLQ	https://youtube.com/watch?v=NI46B8bzMLQ	daddy	NI46B8bzMLQ
mshwords-5PduCwJY8VM	https://youtube.com/watch?v=5PduCwJY8VM	deer	5PduCwJY8VM
mshwords-n-qXl_mXw6k	https://youtube.com/watch?v=n-qXl_mXw6k	day	n-qXl_mXw6k
mshwords-w4HdxNj0e8o	https://youtube.com/watch?v=w4HdxNj0e8o	compute	w4HdxNj0e8o
mshwords-RoXvtDaBWOk	https://youtube.com/watch?v=RoXvtDaBWOk	color	RoXvtDaBWOk
mshwords-sqxe_0ixKvs	https://youtube.com/watch?v=sqxe_0ixKvs	cute	sqxe_0ixKvs
mshwords-7ku-KDCDylA	https://youtube.com/watch?v=7ku-KDCDylA	cow	7ku-KDCDylA
mshwords-fC5GFsg6Fgo	https://youtube.com/watch?v=fC5GFsg6Fgo	cup	fC5GFsg6Fgo
mshwords-zGwcfBwOLfo	https://youtube.com/watch?v=zGwcfBwOLfo	cry	zGwcfBwOLfo
mshwords-2_A9CkSFTXo	https://youtube.com/watch?v=2_A9CkSFTXo	chair	2_A9CkSFTXo
mshwords-ppQNDTyKae0	https://youtube.com/watch?v=ppQNDTyKae0	cold	ppQNDTyKae0
mshwords-dWKCEhKhfqM	https://youtube.com/watch?v=dWKCEhKhfqM	caterpillar	dWKCEhKhfqM
mshwords-gxVqnr0JdCw	https://youtube.com/watch?v=gxVqnr0JdCw	cat	gxVqnr0JdCw
mshwords-HWHVWpYQWMg	https://youtube.com/watch?v=HWHVWpYQWMg	car	HWHVWpYQWMg
mshwords-uG8fM0UBh0Q	https://youtube.com/watch?v=uG8fM0UBh0Q	candy	uG8fM0UBh0Q
mshwords-IiRsN1LsNWA	https://youtube.com/watch?v=IiRsN1LsNWA	cag	IiRsN1LsNWA
mshwords-wWG5CatRA_M	https://youtube.com/watch?v=wWG5CatRA_M	brown	wWG5CatRA_M
mshwords-3n-otbQDWXQ	https://youtube.com/watch?v=3n-otbQDWXQ	butterfly	3n-otbQDWXQ
mshwords-JBW65HAPsJ0	https://youtube.com/watch?v=JBW65HAPsJ0	bug	JBW65HAPsJ0
mshwords-dFgAkbPJY_A	https://youtube.com/watch?v=dFgAkbPJY_A	bubbles	dFgAkbPJY_A
mshwords-ji0MLmjmEZk	https://youtube.com/watch?v=ji0MLmjmEZk	broken	ji0MLmjmEZk
mshwords-Cf7ULVtv-6w	https://youtube.com/watch?v=Cf7ULVtv-6w	boy	Cf7ULVtv-6w
mshwords-Ufssf7MdY20	https://youtube.com/watch?v=Ufssf7MdY20	book	Ufssf7MdY20
mshwords-9oISD6M-shc	https://youtube.com/watch?v=9oISD6M-shc	cousin	9oISD6M-shc
mshwords-HOmHIzyCO3Q	https://youtube.com/watch?v=HOmHIzyCO3Q	boat	HOmHIzyCO3Q
mshwords-nUtns0Npfzw	https://youtube.com/watch?v=nUtns0Npfzw	cracker	nUtns0Npfzw
mshwords-mUdniwYGs_Q	https://youtube.com/watch?v=mUdniwYGs_Q	clouds	mUdniwYGs_Q
mshwords-w9zjMSIbOF4	https://youtube.com/watch?v=w9zjMSIbOF4	bread	w9zjMSIbOF4
mshwords--TD8fGZzfMY	https://youtube.com/watch?v=-TD8fGZzfMY	chicke	-TD8fGZzfMY
mshwords-fFFS7uzM_40	https://youtube.com/watch?v=fFFS7uzM_40	cookie	fFFS7uzM_40
mshwords-teWHDZ6z3OA	https://youtube.com/watch?v=teWHDZ6z3OA	cheese	teWHDZ6z3OA
mshwords-1vSUrXA6I8M	https://youtube.com/watch?v=1vSUrXA6I8M	blue	1vSUrXA6I8M
mshwords-xfhXjnU3WEM	https://youtube.com/watch?v=xfhXjnU3WEM	chang	xfhXjnU3WEM
mshwords-HCJZSlVMwhc	https://youtube.com/watch?v=HCJZSlVMwhc	blanket	HCJZSlVMwhc
mshwords-ZevaHrDogo8	https://youtube.com/watch?v=ZevaHrDogo8	black	ZevaHrDogo8
mshwords-h5uzycBritM	https://youtube.com/watch?v=h5uzycBritM	bed	h5uzycBritM
mshwords-aVfJRXtyS7U	https://youtube.com/watch?v=aVfJRXtyS7U	bear	aVfJRXtyS7U
mshwords-8U9599tWTOA	https://youtube.com/watch?v=8U9599tWTOA	batteries	8U9599tWTOA
mshwords-Kfy7wxrfhxQ	https://youtube.com/watch?v=Kfy7wxrfhxQ	balloon	Kfy7wxrfhxQ
mshwords-hmcO8HUPvnc	https://youtube.com/watch?v=hmcO8HUPvnc	ball	hmcO8HUPvnc
mshwords-nwQh3qvE4EA	https://youtube.com/watch?v=nwQh3qvE4EA	brother	nwQh3qvE4EA
mshwords-WI5hjFiGyp4	https://youtube.com/watch?v=WI5hjFiGyp4	bicycle (bike )	WI5hjFiGyp4
mshwords-cl-s98rgMSI	https://youtube.com/watch?v=cl-s98rgMSI	bunny (rabbit)	cl-s98rgMSI
mshwords-8SuHTyDfRf0	https://youtube.com/watch?v=8SuHTyDfRf0	birthday	8SuHTyDfRf0
mshwords--Dt1B2UYfvc	https://youtube.com/watch?v=-Dt1B2UYfvc	big	-Dt1B2UYfvc
mshwords-8u65YyJmR7o	https://youtube.com/watch?v=8u65YyJmR7o	bath	8u65YyJmR7o
mshwords-h5fA0ze0jtw	https://youtube.com/watch?v=h5fA0ze0jtw	bee	h5fA0ze0jtw
mshwords-yy5alEZ73zo	https://youtube.com/watch?v=yy5alEZ73zo	baby	yy5alEZ73zo
mshwords-d2tu1Fkw3IQ	https://youtube.com/watch?v=d2tu1Fkw3IQ	aun	d2tu1Fkw3IQ
mshwords-aKPRFhIDKc4	https://youtube.com/watch?v=aKPRFhIDKc4	apartment	aKPRFhIDKc4
mshwords-R-u1t9Kaox8	https://youtube.com/watch?v=R-u1t9Kaox8	animal	R-u1t9Kaox8
mshwords-qrV1KU3L3ek	https://youtube.com/watch?v=qrV1KU3L3ek	apple	qrV1KU3L3ek
mshwords-wHSRPZO8Kgw	https://youtube.com/watch?v=wHSRPZO8Kgw	all done	wHSRPZO8Kgw
mshwords-7THZHZ0whKc	https://youtube.com/watch?v=7THZHZ0whKc	airplane	7THZHZ0whKc
mshwords-VAQRVGl4b_I	https://youtube.com/watch?v=VAQRVGl4b_I	again	VAQRVGl4b_I
mshwords-MEBImedw1r0	https://youtube.com/watch?v=MEBImedw1r0	Fairy	MEBImedw1r0
mshwords-_84ONmhmGWc	https://youtube.com/watch?v=_84ONmhmGWc	Factory	_84ONmhmGWc
mshwords-6tbrT1cFRYs	https://youtube.com/watch?v=6tbrT1cFRYs	America	6tbrT1cFRYs
mshwords-IS_TeppBUCg	https://youtube.com/watch?v=IS_TeppBUCg	Canada	IS_TeppBUCg
mshwords-9QJ8i_wP9ds	https://youtube.com/watch?v=9QJ8i_wP9ds	Bagel	9QJ8i_wP9ds
mshwords-JmqrHrKFqQk	https://youtube.com/watch?v=JmqrHrKFqQk	Allergic	JmqrHrKFqQk
mshwords-pcSd-cGF5nQ	https://youtube.com/watch?v=pcSd-cGF5nQ	Elbow	pcSd-cGF5nQ