nab-3B2kbN-ai6Y	https://www.youtube.com/watch?v=3B2kbN-ai6Y	many	3B2kbN-ai6Y
nab-kuHL9xD-NgY	https://www.youtube.com/watch?v=kuHL9xD-NgY	none	kuHL9xD-NgY
nab-MHJPgvs2kP8	https://www.youtube.com/watch?v=MHJPgvs2kP8	many 2	MHJPgvs2kP8
nab-98Dc1XXwork	https://www.youtube.com/watch?v=98Dc1XXwork	14	98Dc1XXwork
nab-nhFKPVC9_nA	https://www.youtube.com/watch?v=nhFKPVC9_nA	few 2	nhFKPVC9_nA
nab-0yNSTvW5_PM	https://www.youtube.com/watch?v=0yNSTvW5_PM	5	0yNSTvW5_PM
nab-iERRGfH_giQ	https://www.youtube.com/watch?v=iERRGfH_giQ	all 2	iERRGfH_giQ
nab-tcquxVj-HnY	https://www.youtube.com/watch?v=tcquxVj-HnY	17	tcquxVj-HnY
nab-M_nTjxhyc0c	https://www.youtube.com/watch?v=M_nTjxhyc0c	8	M_nTjxhyc0c
nab-5dbk6s6iqcA	https://www.youtube.com/watch?v=5dbk6s6iqcA	19	5dbk6s6iqcA
nab-52ZnE37H4_I	https://www.youtube.com/watch?v=52ZnE37H4_I	not enough	52ZnE37H4_I
nab-wHexpOHIgZA	https://www.youtube.com/watch?v=wHexpOHIgZA	20	wHexpOHIgZA
nab-P-ibWNWqGsw	https://www.youtube.com/watch?v=P-ibWNWqGsw	some	P-ibWNWqGsw
nab-tWl6rxY7Nl8	https://www.youtube.com/watch?v=tWl6rxY7Nl8	15	tWl6rxY7Nl8
nab-pmOVqgWzGg4	https://www.youtube.com/watch?v=pmOVqgWzGg4	16	pmOVqgWzGg4
nab-lYZk-ZzQpqs	https://www.youtube.com/watch?v=lYZk-ZzQpqs	9	lYZk-ZzQpqs
nab-k3c4uVHBFR4	https://www.youtube.com/watch?v=k3c4uVHBFR4	all	k3c4uVHBFR4
nab-zMk164bbc24	https://www.youtube.com/watch?v=zMk164bbc24	few	zMk164bbc24
nab-fpnn4D8eITQ	https://www.youtube.com/watch?v=fpnn4D8eITQ	12	fpnn4D8eITQ
nab-c09JrlT7AlY	https://www.youtube.com/watch?v=c09JrlT7AlY	lots plenty	c09JrlT7AlY
nab-QCFEa1oWsj8	https://www.youtube.com/watch?v=QCFEa1oWsj8	10	QCFEa1oWsj8
nab-pLLQcc2nmrI	https://www.youtube.com/watch?v=pLLQcc2nmrI	7	pLLQcc2nmrI
nab-NtK5rTfB8LM	https://www.youtube.com/watch?v=NtK5rTfB8LM	18	NtK5rTfB8LM
nab-5aI0Hq_SYkE	https://www.youtube.com/watch?v=5aI0Hq_SYkE	4	5aI0Hq_SYkE
nab-PP7H5P7m-P8	https://www.youtube.com/watch?v=PP7H5P7m-P8	11	PP7H5P7m-P8
nab-Y5DxcHCWNXU	https://www.youtube.com/watch?v=Y5DxcHCWNXU	1	Y5DxcHCWNXU
nab-YLdgsldUMR0	https://www.youtube.com/watch?v=YLdgsldUMR0	3	YLdgsldUMR0
nab-Etp56MlLEdo	https://www.youtube.com/watch?v=Etp56MlLEdo	13	Etp56MlLEdo
nab-sU5q6j8h7xc	https://www.youtube.com/watch?v=sU5q6j8h7xc	6	sU5q6j8h7xc
nab-qOlupa29VNU	https://www.youtube.com/watch?v=qOlupa29VNU	2	qOlupa29VNU
nab-1Hc7Kaq5t1c	https://www.youtube.com/watch?v=1Hc7Kaq5t1c	worried	1Hc7Kaq5t1c
nab-iDYM464AxEk	https://www.youtube.com/watch?v=iDYM464AxEk	tired	iDYM464AxEk
nab-B79LCAc3-x0	https://www.youtube.com/watch?v=B79LCAc3-x0	thirsty	B79LCAc3-x0
nab-NzhxuBUKHpM	https://www.youtube.com/watch?v=NzhxuBUKHpM	sleepy 3	NzhxuBUKHpM
nab-WwkUUN1oq7A	https://www.youtube.com/watch?v=WwkUUN1oq7A	sleepy 2	WwkUUN1oq7A
nab-eKJAAYkRm5s	https://www.youtube.com/watch?v=eKJAAYkRm5s	sleepy 1	eKJAAYkRm5s
nab-J2WQZ8E4SUA	https://www.youtube.com/watch?v=J2WQZ8E4SUA	scared	J2WQZ8E4SUA
nab-jIWaE3ujmk4	https://www.youtube.com/watch?v=jIWaE3ujmk4	sad 2	jIWaE3ujmk4
nab-PF4sePzDILY	https://www.youtube.com/watch?v=PF4sePzDILY	sad 1	PF4sePzDILY
nab-3dWcqAxS81I	https://www.youtube.com/watch?v=3dWcqAxS81I	quiet 2	3dWcqAxS81I
nab-dOvLoArLzcw	https://www.youtube.com/watch?v=dOvLoArLzcw	nice 1	dOvLoArLzcw
nab-97qTXpRHLxk	https://www.youtube.com/watch?v=97qTXpRHLxk	quiet 1	97qTXpRHLxk
nab-e1q4pwMRTEc	https://www.youtube.com/watch?v=e1q4pwMRTEc	nice 3	e1q4pwMRTEc
nab-i7-IftrdNRs	https://www.youtube.com/watch?v=i7-IftrdNRs	nice 2	i7-IftrdNRs
nab-6EjZy8yST58	https://www.youtube.com/watch?v=6EjZy8yST58	love	6EjZy8yST58
nab-5SGp77KyOKs	https://www.youtube.com/watch?v=5SGp77KyOKs	laugh 3	5SGp77KyOKs
nab-fhPQzNDqL6U	https://www.youtube.com/watch?v=fhPQzNDqL6U	mad	fhPQzNDqL6U
nab--IPNgEBg5WA	https://www.youtube.com/watch?v=-IPNgEBg5WA	love 2	-IPNgEBg5WA
nab-Mq2PVqyiOQ4	https://www.youtube.com/watch?v=Mq2PVqyiOQ4	loud	Mq2PVqyiOQ4
nab-nVQypiJYbSk	https://www.youtube.com/watch?v=nVQypiJYbSk	laugh 4	nVQypiJYbSk
nab-xKY35YaWuLE	https://www.youtube.com/watch?v=xKY35YaWuLE	like	xKY35YaWuLE
nab-NWPBCsg7CNw	https://www.youtube.com/watch?v=NWPBCsg7CNw	hug 2	NWPBCsg7CNw
nab-jf6-pIRXAek	https://www.youtube.com/watch?v=jf6-pIRXAek	laugh 2	jf6-pIRXAek
nab-VJxGPzlGtWQ	https://www.youtube.com/watch?v=VJxGPzlGtWQ	laugh 1	VJxGPzlGtWQ
nab-KO1hwoHcMf8	https://www.youtube.com/watch?v=KO1hwoHcMf8	kiss 2	KO1hwoHcMf8
nab-SbvomlBCAe8	https://www.youtube.com/watch?v=SbvomlBCAe8	kiss 4	SbvomlBCAe8
nab-a90eIyt5eJs	https://www.youtube.com/watch?v=a90eIyt5eJs	hungry	a90eIyt5eJs
nab-tp7A4b_dO0k	https://www.youtube.com/watch?v=tp7A4b_dO0k	kiss 3	tp7A4b_dO0k
nab-HDi2UPqDK-8	https://www.youtube.com/watch?v=HDi2UPqDK-8	kiss 1	HDi2UPqDK-8
nab-Ekcn4CILyfo	https://www.youtube.com/watch?v=Ekcn4CILyfo	hurt 2	Ekcn4CILyfo
nab-W8lWdSqPySI	https://www.youtube.com/watch?v=W8lWdSqPySI	hurt 1	W8lWdSqPySI
nab-BHzdbYAUnNg	https://www.youtube.com/watch?v=BHzdbYAUnNg	hurt 3	BHzdbYAUnNg
nab-AoyNI1BJmOE	https://www.youtube.com/watch?v=AoyNI1BJmOE	hearing	AoyNI1BJmOE
nab-gAKiaFytbCI	https://www.youtube.com/watch?v=gAKiaFytbCI	hug 1	gAKiaFytbCI
nab-vaF2-549kUs	https://www.youtube.com/watch?v=vaF2-549kUs	hard of hearing	vaF2-549kUs
nab-RYpAClHsBTM	https://www.youtube.com/watch?v=RYpAClHsBTM	happy	RYpAClHsBTM
nab-BJ6XJohLVIg	https://www.youtube.com/watch?v=BJ6XJohLVIg	funny	BJ6XJohLVIg
nab-yYZG7E4_ZLs	https://www.youtube.com/watch?v=yYZG7E4_ZLs	frustrated 1	yYZG7E4_ZLs
nab-mVA3H0POa7k	https://www.youtube.com/watch?v=mVA3H0POa7k	frustrated 2	mVA3H0POa7k
nab-FK2MbvNTgGs	https://www.youtube.com/watch?v=FK2MbvNTgGs	friendly 1	FK2MbvNTgGs
nab-Beg6VJST5pc	https://www.youtube.com/watch?v=Beg6VJST5pc	friendly 2	Beg6VJST5pc
nab-cjSZCokonlY	https://www.youtube.com/watch?v=cjSZCokonlY	excited	cjSZCokonlY
nab-DAotz9r5g_o	https://www.youtube.com/watch?v=DAotz9r5g_o	enjoy	DAotz9r5g_o
nab-5Dr7V1fbTFU	https://www.youtube.com/watch?v=5Dr7V1fbTFU	deaf 2	5Dr7V1fbTFU
nab-YsLUNOu9jXU	https://www.youtube.com/watch?v=YsLUNOu9jXU	deaf 1	YsLUNOu9jXU
nab-SJEkJzHd8Pg	https://www.youtube.com/watch?v=SJEkJzHd8Pg	bored 2	SJEkJzHd8Pg
nab-csFsZla1UHo	https://www.youtube.com/watch?v=csFsZla1UHo	bored 1	csFsZla1UHo
nab-A6gU1E6dA70	https://www.youtube.com/watch?v=A6gU1E6dA70	wash face 2	A6gU1E6dA70
nab-wymOPGk8zKw	https://www.youtube.com/watch?v=wymOPGk8zKw	time for bed 3	wymOPGk8zKw
nab-YvXAHfXxiEM	https://www.youtube.com/watch?v=YvXAHfXxiEM	wash face 1	YvXAHfXxiEM
nab-3zdLpy_Ka_Q	https://www.youtube.com/watch?v=3zdLpy_Ka_Q	time for bed 2	3zdLpy_Ka_Q
nab-IYpkpS6Tlvc	https://www.youtube.com/watch?v=IYpkpS6Tlvc	time for bed 1	IYpkpS6Tlvc
nab-t8Hr0IHghrQ	https://www.youtube.com/watch?v=t8Hr0IHghrQ	thank you 3	t8Hr0IHghrQ
nab-lJXvGI7r_Fc	https://www.youtube.com/watch?v=lJXvGI7r_Fc	thank you 1	lJXvGI7r_Fc
nab-sH87G_Bz_nA	https://www.youtube.com/watch?v=sH87G_Bz_nA	thank you 2	sH87G_Bz_nA
nab-LUB6bZXpgZM	https://www.youtube.com/watch?v=LUB6bZXpgZM	shower 2	LUB6bZXpgZM
nab-AkKDwmAwueo	https://www.youtube.com/watch?v=AkKDwmAwueo	shower 1	AkKDwmAwueo
nab-QyqHzUY36cw	https://www.youtube.com/watch?v=QyqHzUY36cw	please	QyqHzUY36cw
nab-pn3KMCI6KGE	https://www.youtube.com/watch?v=pn3KMCI6KGE	please wait 2	pn3KMCI6KGE
nab-npGfmAUbCTU	https://www.youtube.com/watch?v=npGfmAUbCTU	please wait 1	npGfmAUbCTU
nab-wJh8cR477rI	https://www.youtube.com/watch?v=wJh8cR477rI	hug me	wJh8cR477rI
nab-rRZqGCqqMpM	https://www.youtube.com/watch?v=rRZqGCqqMpM	hold my hand 2	rRZqGCqqMpM
nab-tHnPiF5N2cw	https://www.youtube.com/watch?v=tHnPiF5N2cw	hold my hand 1	tHnPiF5N2cw
nab-8BJrBx9Cf6A	https://www.youtube.com/watch?v=8BJrBx9Cf6A	go to the store 2	8BJrBx9Cf6A
nab-r328wZS30lI	https://www.youtube.com/watch?v=r328wZS30lI	go to the store 1	r328wZS30lI
nab-iybBNCHIOOE	https://www.youtube.com/watch?v=iybBNCHIOOE	go to moms house 2	iybBNCHIOOE
nab-xzyfaGZO8sU	https://www.youtube.com/watch?v=xzyfaGZO8sU	go to grandmas house 2	xzyfaGZO8sU
nab-Px4LTtjZJdM	https://www.youtube.com/watch?v=Px4LTtjZJdM	go to moms house 1	Px4LTtjZJdM
nab-8emywjImzyA	https://www.youtube.com/watch?v=8emywjImzyA	go to daddys house	8emywjImzyA
nab-vxa1EeblkdE	https://www.youtube.com/watch?v=vxa1EeblkdE	go to grandmas house 1	vxa1EeblkdE
nab-DQxnWaDpAWA	https://www.youtube.com/watch?v=DQxnWaDpAWA	go to aunt and uncles house 1	DQxnWaDpAWA
nab-Iygpg2TQO6g	https://www.youtube.com/watch?v=Iygpg2TQO6g	go to aunt and uncles house 2	Iygpg2TQO6g
nab-wpFJAUiWH8g	https://www.youtube.com/watch?v=wpFJAUiWH8g	go to a friend's house 2	wpFJAUiWH8g
nab-TBTzynA1tgM	https://www.youtube.com/watch?v=TBTzynA1tgM	bath time 1	TBTzynA1tgM
nab-PzlRU5zNxAA	https://www.youtube.com/watch?v=PzlRU5zNxAA	go to a friend's house 1	PzlRU5zNxAA
nab-Uy3s8nQCnDc	https://www.youtube.com/watch?v=Uy3s8nQCnDc	bath time 2	Uy3s8nQCnDc
nab-h_YWNinbcB0	https://www.youtube.com/watch?v=h_YWNinbcB0	are you hurt 3	h_YWNinbcB0
nab-eJIeGb-GSzU	https://www.youtube.com/watch?v=eJIeGb-GSzU	are you hurt 2	eJIeGb-GSzU
nab-CD2bhue6UYo	https://www.youtube.com/watch?v=CD2bhue6UYo	are you hurt 1	CD2bhue6UYo
nab-BvWPutff5Q0	https://www.youtube.com/watch?v=BvWPutff5Q0	tape notonlist	BvWPutff5Q0
nab-RCLhPemgKj0	https://www.youtube.com/watch?v=RCLhPemgKj0	television 2	RCLhPemgKj0
nab-2ZxbvQ2OuTo	https://www.youtube.com/watch?v=2ZxbvQ2OuTo	window	2ZxbvQ2OuTo
nab-IKMkJ-PE0DA	https://www.youtube.com/watch?v=IKMkJ-PE0DA	television 1	IKMkJ-PE0DA
nab-t4Sh5kSUPp8	https://www.youtube.com/watch?v=t4Sh5kSUPp8	shelves 2	t4Sh5kSUPp8
nab-d3Nrp5gQtwo	https://www.youtube.com/watch?v=d3Nrp5gQtwo	spoon	d3Nrp5gQtwo
nab-ZWclaFNfaBc	https://www.youtube.com/watch?v=ZWclaFNfaBc	socks 3	ZWclaFNfaBc
nab-zghk51Tp7K0	https://www.youtube.com/watch?v=zghk51Tp7K0	shelves 1	zghk51Tp7K0
nab-R_ULPl3cfv0	https://www.youtube.com/watch?v=R_ULPl3cfv0	plate b	R_ULPl3cfv0
nab-D8dQz2mCwqE	https://www.youtube.com/watch?v=D8dQz2mCwqE	scarf	D8dQz2mCwqE
nab-aIga65K2iOs	https://www.youtube.com/watch?v=aIga65K2iOs	plug	aIga65K2iOs
nab-mohLIZD89Yo	https://www.youtube.com/watch?v=mohLIZD89Yo	plate	mohLIZD89Yo
nab-xZmB1RKFk78	https://www.youtube.com/watch?v=xZmB1RKFk78	plant 2	xZmB1RKFk78
nab-vUakbqo-1uM	https://www.youtube.com/watch?v=vUakbqo-1uM	plant 1	vUakbqo-1uM
nab-tOxHTvT_DNM	https://www.youtube.com/watch?v=tOxHTvT_DNM	mittens 1	tOxHTvT_DNM
nab-HZ1qPL7iq-M	https://www.youtube.com/watch?v=HZ1qPL7iq-M	mittens 2gloves	HZ1qPL7iq-M
nab-OxPU1Gq4UcY	https://www.youtube.com/watch?v=OxPU1Gq4UcY	phone	OxPU1Gq4UcY
nab-_-44s0xcWNU	https://www.youtube.com/watch?v=_-44s0xcWNU	medicine 3	_-44s0xcWNU
nab-rdtLwk9PeEU	https://www.youtube.com/watch?v=rdtLwk9PeEU	medicine 2	rdtLwk9PeEU
nab-njzIAe61KPI	https://www.youtube.com/watch?v=njzIAe61KPI	iphone 4	njzIAe61KPI
nab-vAVSxCCr9jk	https://www.youtube.com/watch?v=vAVSxCCr9jk	medicine 1	vAVSxCCr9jk
nab--2IyLzfZSy0	https://www.youtube.com/watch?v=-2IyLzfZSy0	iphone 3	-2IyLzfZSy0
nab-xtmQylh07Dc	https://www.youtube.com/watch?v=xtmQylh07Dc	knife	xtmQylh07Dc
nab-KZil2ToDsHQ	https://www.youtube.com/watch?v=KZil2ToDsHQ	iphone 2	KZil2ToDsHQ
nab-vdqeKWN39GE	https://www.youtube.com/watch?v=vdqeKWN39GE	iphone 1	vdqeKWN39GE
nab-au77EXRA3_4	https://www.youtube.com/watch?v=au77EXRA3_4	ipad 1	au77EXRA3_4
nab-eBDM4hrk9gU	https://www.youtube.com/watch?v=eBDM4hrk9gU	fridge	eBDM4hrk9gU
nab-N-weExeL1s0	https://www.youtube.com/watch?v=N-weExeL1s0	ipad 2	N-weExeL1s0
nab-591ByWtsFfk	https://www.youtube.com/watch?v=591ByWtsFfk	first aid notonlist	591ByWtsFfk
nab-xCEd9eeMUyc	https://www.youtube.com/watch?v=xCEd9eeMUyc	fork	xCEd9eeMUyc
nab-WCGDN5CniTY	https://www.youtube.com/watch?v=WCGDN5CniTY	door	WCGDN5CniTY
nab-swOJJWPxjbI	https://www.youtube.com/watch?v=swOJJWPxjbI	cup	swOJJWPxjbI
nab-Nu7LASnlkig	https://www.youtube.com/watch?v=Nu7LASnlkig	desk	Nu7LASnlkig
nab-ruARsan34x4	https://www.youtube.com/watch?v=ruARsan34x4	computer 3	ruARsan34x4
nab--wmqgdmwySo	https://www.youtube.com/watch?v=-wmqgdmwySo	computer 1	-wmqgdmwySo
nab-lVo6MByRMHY	https://www.youtube.com/watch?v=lVo6MByRMHY	computer 2	lVo6MByRMHY
nab-UuiEDySxTNQ	https://www.youtube.com/watch?v=UuiEDySxTNQ	boots	UuiEDySxTNQ
nab-pDRfD3bNsEo	https://www.youtube.com/watch?v=pDRfD3bNsEo	work 2	pDRfD3bNsEo
nab-afEvvI6Sye4	https://www.youtube.com/watch?v=afEvvI6Sye4	want 2	afEvvI6Sye4
nab-dsZQRTrQjiE	https://www.youtube.com/watch?v=dsZQRTrQjiE	work 1	dsZQRTrQjiE
nab-F5sUknoklKo	https://www.youtube.com/watch?v=F5sUknoklKo	want 3	F5sUknoklKo
nab-mhJvv6lTQ90	https://www.youtube.com/watch?v=mhJvv6lTQ90	wait 1	mhJvv6lTQ90
nab-8GagewIBv9E	https://www.youtube.com/watch?v=8GagewIBv9E	stand up	8GagewIBv9E
nab-fBVbr5ci0EQ	https://www.youtube.com/watch?v=fBVbr5ci0EQ	want 1	fBVbr5ci0EQ
nab-a_gp8_kUe-Q	https://www.youtube.com/watch?v=a_gp8_kUe-Q	wait 2	a_gp8_kUe-Q
nab-l6G0rN4CJRg	https://www.youtube.com/watch?v=l6G0rN4CJRg	stop	l6G0rN4CJRg
nab-xf4RpLyRUQw	https://www.youtube.com/watch?v=xf4RpLyRUQw	i love you	xf4RpLyRUQw
nab-lZzUamgh_MI	https://www.youtube.com/watch?v=lZzUamgh_MI	sit down	lZzUamgh_MI
nab-QlZnUdm8KAU	https://www.youtube.com/watch?v=QlZnUdm8KAU	go 5	QlZnUdm8KAU
nab-WdFPBiAUm2k	https://www.youtube.com/watch?v=WdFPBiAUm2k	go 4	WdFPBiAUm2k
nab-ZyL9f_qoGug	https://www.youtube.com/watch?v=ZyL9f_qoGug	go 3	ZyL9f_qoGug
nab-jknOnIhAbNo	https://www.youtube.com/watch?v=jknOnIhAbNo	go 2	jknOnIhAbNo
nab-2d8EvTygLOc	https://www.youtube.com/watch?v=2d8EvTygLOc	cry	2d8EvTygLOc
nab-8ppn1CQpBKE	https://www.youtube.com/watch?v=8ppn1CQpBKE	go 1	8ppn1CQpBKE
nab-Ddd2ZZNFhVI	https://www.youtube.com/watch?v=Ddd2ZZNFhVI	drink	Ddd2ZZNFhVI
nab-AkAg7GO240c	https://www.youtube.com/watch?v=AkAg7GO240c	can	AkAg7GO240c
nab-FH3mTCczlsc	https://www.youtube.com/watch?v=FH3mTCczlsc	can d	FH3mTCczlsc
nab--VJGz9f7DMY	https://www.youtube.com/watch?v=-VJGz9f7DMY	can c	-VJGz9f7DMY
nab-_jv2aC-37vQ	https://www.youtube.com/watch?v=_jv2aC-37vQ	can b	_jv2aC-37vQ
nab-wc2A8AZepy4	https://www.youtube.com/watch?v=wc2A8AZepy4	yes	wc2A8AZepy4
nab-d2U6sXwtHaQ	https://www.youtube.com/watch?v=d2U6sXwtHaQ	yes please 2	d2U6sXwtHaQ
nab-nSJJh9F7fbY	https://www.youtube.com/watch?v=nSJJh9F7fbY	yes please 1	nSJJh9F7fbY
nab--WHGzWZa_gk	https://www.youtube.com/watch?v=-WHGzWZa_gk	yes b	-WHGzWZa_gk
nab-MDhBt9IlDJA	https://www.youtube.com/watch?v=MDhBt9IlDJA	what's wrong	MDhBt9IlDJA
nab-xn4fVUyI4aI	https://www.youtube.com/watch?v=xn4fVUyI4aI	wash hands 2	xn4fVUyI4aI
nab-UHmcDmJ3M58	https://www.youtube.com/watch?v=UHmcDmJ3M58	want more 2	UHmcDmJ3M58
nab-SZnTPezUIbQ	https://www.youtube.com/watch?v=SZnTPezUIbQ	want more 1	SZnTPezUIbQ
nab-ZE9GMLCZv1M	https://www.youtube.com/watch?v=ZE9GMLCZv1M	wash hands 1	ZE9GMLCZv1M
nab-XErvExrIk7s	https://www.youtube.com/watch?v=XErvExrIk7s	want it	XErvExrIk7s
nab-EdOmY1zTjFs	https://www.youtube.com/watch?v=EdOmY1zTjFs	time to go home 4	EdOmY1zTjFs
nab-jTaOnnzVe7g	https://www.youtube.com/watch?v=jTaOnnzVe7g	time to go home 2	jTaOnnzVe7g
nab-6-6O4TdSDxs	https://www.youtube.com/watch?v=6-6O4TdSDxs	time to go home 3	6-6O4TdSDxs
nab-DkKIpOcF0rU	https://www.youtube.com/watch?v=DkKIpOcF0rU	time to clean up	DkKIpOcF0rU
nab-rtyj011Ht9I	https://www.youtube.com/watch?v=rtyj011Ht9I	time to go home 1	rtyj011Ht9I
nab-uWWjGqK7clk	https://www.youtube.com/watch?v=uWWjGqK7clk	time for school 1	uWWjGqK7clk
nab-8pRDx-C151s	https://www.youtube.com/watch?v=8pRDx-C151s	time for school 2	8pRDx-C151s
nab-bzsTUUWyG4c	https://www.youtube.com/watch?v=bzsTUUWyG4c	stop doing that 3 that's enough)	bzsTUUWyG4c
nab-BnklkXodNVc	https://www.youtube.com/watch?v=BnklkXodNVc	stop doing that 2	BnklkXodNVc
nab-r97SVQY0v0Y	https://www.youtube.com/watch?v=r97SVQY0v0Y	stop doing that 1	r97SVQY0v0Y
nab-zQ9dhZ7-RFY	https://www.youtube.com/watch?v=zQ9dhZ7-RFY	say sorry	zQ9dhZ7-RFY
nab-oHvq08J0kSU	https://www.youtube.com/watch?v=oHvq08J0kSU	not safe 2	oHvq08J0kSU
nab-lgNwgl10VSg	https://www.youtube.com/watch?v=lgNwgl10VSg	no	lgNwgl10VSg
nab--kRrnd1vf_o	https://www.youtube.com/watch?v=-kRrnd1vf_o	not safe 1	-kRrnd1vf_o
nab-gfCarP18NIk	https://www.youtube.com/watch?v=gfCarP18NIk	no thanks 2	gfCarP18NIk
nab-nqxVIcL4kQI	https://www.youtube.com/watch?v=nqxVIcL4kQI	mommy is working 4	nqxVIcL4kQI
nab-FcmVz-8jc2Y	https://www.youtube.com/watch?v=FcmVz-8jc2Y	no thanks 1	FcmVz-8jc2Y
nab-3NOgCiXFnEw	https://www.youtube.com/watch?v=3NOgCiXFnEw	mommy is working 3	3NOgCiXFnEw
nab-H5oh5dHeip0	https://www.youtube.com/watch?v=H5oh5dHeip0	mommy is working 1	H5oh5dHeip0
nab-9OK0_XW9kbQ	https://www.youtube.com/watch?v=9OK0_XW9kbQ	mommy is working 2	9OK0_XW9kbQ
nab-Zlm8CdurXXo	https://www.youtube.com/watch?v=Zlm8CdurXXo	make your bed 2	Zlm8CdurXXo
nab-wdILH68xxso	https://www.youtube.com/watch?v=wdILH68xxso	make your bed 1	wdILH68xxso
nab-jZUEa_CURqs	https://www.youtube.com/watch?v=jZUEa_CURqs	i'm sorry 1	jZUEa_CURqs
nab-bF7n-mjkgU8	https://www.youtube.com/watch?v=bF7n-mjkgU8	i don't like it	bF7n-mjkgU8
nab-lkZVbO7JD1M	https://www.youtube.com/watch?v=lkZVbO7JD1M	i am sick	lkZVbO7JD1M
nab-dbMBpfqjvBI	https://www.youtube.com/watch?v=dbMBpfqjvBI	i want it	dbMBpfqjvBI
nab-takdw9ZFr5A	https://www.youtube.com/watch?v=takdw9ZFr5A	hurry 2	takdw9ZFr5A
nab-poXMLKzy1f8	https://www.youtube.com/watch?v=poXMLKzy1f8	i am deaf	poXMLKzy1f8
nab-tdhggC0CjnA	https://www.youtube.com/watch?v=tdhggC0CjnA	hurry 1b	tdhggC0CjnA
nab-hVP5Rali-YQ	https://www.youtube.com/watch?v=hVP5Rali-YQ	hurry 1	hVP5Rali-YQ
nab-uPLQiN7DMpE	https://www.youtube.com/watch?v=uPLQiN7DMpE	hug me	uPLQiN7DMpE
nab-FdZx-kM6jhM	https://www.youtube.com/watch?v=FdZx-kM6jhM	goodbye 1	FdZx-kM6jhM
nab-hz1odFNT6qg	https://www.youtube.com/watch?v=hz1odFNT6qg	good night 2	hz1odFNT6qg
nab-WbkSmhKTltU	https://www.youtube.com/watch?v=WbkSmhKTltU	hello	WbkSmhKTltU
nab-wUIvZdlxMx0	https://www.youtube.com/watch?v=wUIvZdlxMx0	goodbye 2	wUIvZdlxMx0
nab-Ku6fzcWx7j0	https://www.youtube.com/watch?v=Ku6fzcWx7j0	good night 1	Ku6fzcWx7j0
nab-_LsXpXHgZBc	https://www.youtube.com/watch?v=_LsXpXHgZBc	good morning 1	_LsXpXHgZBc
nab-YfZNZlekeo4	https://www.youtube.com/watch?v=YfZNZlekeo4	good morning 2	YfZNZlekeo4
nab-_dN2G4XM6Ts	https://www.youtube.com/watch?v=_dN2G4XM6Ts	get down please 2	_dN2G4XM6Ts
nab-yTUDd1I6ElA	https://www.youtube.com/watch?v=yTUDd1I6ElA	give it to me ta ta)	yTUDd1I6ElA
nab-KEtInh4WC5I	https://www.youtube.com/watch?v=KEtInh4WC5I	get dressed	KEtInh4WC5I
nab-G_nQdRigWw8	https://www.youtube.com/watch?v=G_nQdRigWw8	don't touch 2	G_nQdRigWw8
nab-ywoLsygaaRA	https://www.youtube.com/watch?v=ywoLsygaaRA	get down please 1	ywoLsygaaRA
nab-llwMsNh3uHI	https://www.youtube.com/watch?v=llwMsNh3uHI	don't want 3	llwMsNh3uHI
nab-Ok-KYV0yQIM	https://www.youtube.com/watch?v=Ok-KYV0yQIM	don't want 1	Ok-KYV0yQIM
nab-LpATF06yUGY	https://www.youtube.com/watch?v=LpATF06yUGY	don't touch 1	LpATF06yUGY
nab-Z20EUKLYO2M	https://www.youtube.com/watch?v=Z20EUKLYO2M	don't want 2	Z20EUKLYO2M
nab-UsssLlrM5pI	https://www.youtube.com/watch?v=UsssLlrM5pI	diaper wet 1b	UsssLlrM5pI
nab-73R8pNLxBrw	https://www.youtube.com/watch?v=73R8pNLxBrw	diaper wet 2	73R8pNLxBrw
nab-Vom1anGC4h8	https://www.youtube.com/watch?v=Vom1anGC4h8	do that again 2	Vom1anGC4h8
nab-BietFu57Z4k	https://www.youtube.com/watch?v=BietFu57Z4k	do you need to pee	BietFu57Z4k
nab-vlxxhtGPEfA	https://www.youtube.com/watch?v=vlxxhtGPEfA	do you like it	vlxxhtGPEfA
nab-fc7jjokvDl0	https://www.youtube.com/watch?v=fc7jjokvDl0	do that again 1	fc7jjokvDl0
nab-Lo6vEFHUEIY	https://www.youtube.com/watch?v=Lo6vEFHUEIY	diaper dirty 2	Lo6vEFHUEIY
nab-NO0drIdL38U	https://www.youtube.com/watch?v=NO0drIdL38U	change your diaper	NO0drIdL38U
nab-JHWlccgfgAU	https://www.youtube.com/watch?v=JHWlccgfgAU	diaper wet 1	JHWlccgfgAU
nab-MkIuDlFk0_M	https://www.youtube.com/watch?v=MkIuDlFk0_M	check your diaper	MkIuDlFk0_M
nab-7Rb5213Vfik	https://www.youtube.com/watch?v=7Rb5213Vfik	brush your teeth question	7Rb5213Vfik
nab-Is-8-IBWfQA	https://www.youtube.com/watch?v=Is-8-IBWfQA	diaper dirty 1	Is-8-IBWfQA
nab-s9VP61HVCz8	https://www.youtube.com/watch?v=s9VP61HVCz8	brush your teeth 1	s9VP61HVCz8
nab-x9s9__sy-qk	https://www.youtube.com/watch?v=x9s9__sy-qk	brush your hair 2	x9s9__sy-qk
nab-QlagqPj0Bp8	https://www.youtube.com/watch?v=QlagqPj0Bp8	blow your nose 1	QlagqPj0Bp8
nab-N5dkDZDt4cQ	https://www.youtube.com/watch?v=N5dkDZDt4cQ	brush your teeth 2	N5dkDZDt4cQ
nab-Nd8Zeowr78U	https://www.youtube.com/watch?v=Nd8Zeowr78U	brush your hair 1	Nd8Zeowr78U
nab-6oVtXjz2mI4	https://www.youtube.com/watch?v=6oVtXjz2mI4	blow your nose 2	6oVtXjz2mI4
nab-IshcF3snmf4	https://www.youtube.com/watch?v=IshcF3snmf4	all gone food	IshcF3snmf4
nab-tfpCAoX7-ak	https://www.youtube.com/watch?v=tfpCAoX7-ak	all gone drink	tfpCAoX7-ak
nab-OSuOyKC6Cfk	https://www.youtube.com/watch?v=OSuOyKC6Cfk	are you sick	OSuOyKC6Cfk
nab-2R6_YakBTzY	https://www.youtube.com/watch?v=2R6_YakBTzY	all gone 2	2R6_YakBTzY
nab-grnPuifGvDE	https://www.youtube.com/watch?v=grnPuifGvDE	all gone 1	grnPuifGvDE
nab-0T7dlhSbds8	https://www.youtube.com/watch?v=0T7dlhSbds8	all done 2b	0T7dlhSbds8
nab-Mug3cDvHdLo	https://www.youtube.com/watch?v=Mug3cDvHdLo	all done 1	Mug3cDvHdLo
nab-YJH4X8bV-oY	https://www.youtube.com/watch?v=YJH4X8bV-oY	all done 2	YJH4X8bV-oY
nab----cgPhwI8k	https://www.youtube.com/watch?v=---cgPhwI8k	snow	---cgPhwI8k
nab-nSDK5reGkxc	https://www.youtube.com/watch?v=nSDK5reGkxc	tree	nSDK5reGkxc
nab-k4Y-3d6BwPY	https://www.youtube.com/watch?v=k4Y-3d6BwPY	thunder	k4Y-3d6BwPY
nab-MkoF-dnufLw	https://www.youtube.com/watch?v=MkoF-dnufLw	temperature	MkoF-dnufLw
nab-4AgKOd_XhBk	https://www.youtube.com/watch?v=4AgKOd_XhBk	sunny	4AgKOd_XhBk
nab-PHYhqJDV9Xo	https://www.youtube.com/watch?v=PHYhqJDV9Xo	rain	PHYhqJDV9Xo
nab-4gIM6hJd0Qk	https://www.youtube.com/watch?v=4gIM6hJd0Qk	mountain	4gIM6hJd0Qk
nab-o7U_zK2T8J4	https://www.youtube.com/watch?v=o7U_zK2T8J4	lightning	o7U_zK2T8J4
nab-f4_iWYk5Wt8	https://www.youtube.com/watch?v=f4_iWYk5Wt8	icicle	f4_iWYk5Wt8
nab-2xxHtHJsiLw	https://www.youtube.com/watch?v=2xxHtHJsiLw	ice	2xxHtHJsiLw
nab-CLY3i3KYX28	https://www.youtube.com/watch?v=CLY3i3KYX28	icy	CLY3i3KYX28
nab-Ob3drndU_yM	https://www.youtube.com/watch?v=Ob3drndU_yM	hot	Ob3drndU_yM
nab-JB1wVCZHtmY	https://www.youtube.com/watch?v=JB1wVCZHtmY	hill 2	JB1wVCZHtmY
nab-p_SE8dzfXvg	https://www.youtube.com/watch?v=p_SE8dzfXvg	hill 1	p_SE8dzfXvg
nab-GqyTE1oWWWA	https://www.youtube.com/watch?v=GqyTE1oWWWA	grass	GqyTE1oWWWA
nab-oeJhgSKJv98	https://www.youtube.com/watch?v=oeJhgSKJv98	freeze	oeJhgSKJv98
nab-Dy4vmaoFN6s	https://www.youtube.com/watch?v=Dy4vmaoFN6s	fog 2	Dy4vmaoFN6s
nab-_aYzWgxrkxE	https://www.youtube.com/watch?v=_aYzWgxrkxE	cloudy	_aYzWgxrkxE
nab-7Gr6KU3Eeg8	https://www.youtube.com/watch?v=7Gr6KU3Eeg8	fog 1	7Gr6KU3Eeg8
nab-vyPgSFdwH6M	https://www.youtube.com/watch?v=vyPgSFdwH6M	flower	vyPgSFdwH6M
nab-trlv3hkAQsQ	https://www.youtube.com/watch?v=trlv3hkAQsQ	cold	trlv3hkAQsQ
nab-ge6z54zUN7A	https://www.youtube.com/watch?v=ge6z54zUN7A	your name 2	ge6z54zUN7A
nab-yGCbzDNaNW4	https://www.youtube.com/watch?v=yGCbzDNaNW4	your name 1	yGCbzDNaNW4
nab--iJt0VZWBcA	https://www.youtube.com/watch?v=-iJt0VZWBcA	why	-iJt0VZWBcA
nab-5_GgyUa5aYA	https://www.youtube.com/watch?v=5_GgyUa5aYA	how old	5_GgyUa5aYA
nab-wOLHCqo_I4Y	https://www.youtube.com/watch?v=wOLHCqo_I4Y	what 3	wOLHCqo_I4Y
nab-dnDu1DxXWo4	https://www.youtube.com/watch?v=dnDu1DxXWo4	who	dnDu1DxXWo4
nab-Gbm4V-Dg44c	https://www.youtube.com/watch?v=Gbm4V-Dg44c	which	Gbm4V-Dg44c
nab-0v4R-uMJZTc	https://www.youtube.com/watch?v=0v4R-uMJZTc	what 2	0v4R-uMJZTc
nab-M1gXuGSWqVI	https://www.youtube.com/watch?v=M1gXuGSWqVI	what 1	M1gXuGSWqVI
nab-Ntj0DLg6EyA	https://www.youtube.com/watch?v=Ntj0DLg6EyA	w h a t	Ntj0DLg6EyA
nab-QAt27obT31k	https://www.youtube.com/watch?v=QAt27obT31k	do do	QAt27obT31k
nab-xY8NeQaXUSA	https://www.youtube.com/watch?v=xY8NeQaXUSA	upstairs	xY8NeQaXUSA
nab-c5fSVOmNyyc	https://www.youtube.com/watch?v=c5fSVOmNyyc	underwear 2boys	c5fSVOmNyyc
nab-M3sXN-k8axs	https://www.youtube.com/watch?v=M3sXN-k8axs	toilet	M3sXN-k8axs
nab-vv5LZ4CsAWw	https://www.youtube.com/watch?v=vv5LZ4CsAWw	underwear 1girl	vv5LZ4CsAWw
nab-Kl-MGSf9U3s	https://www.youtube.com/watch?v=Kl-MGSf9U3s	table 2	Kl-MGSf9U3s
nab-C6C0n0yL0lE	https://www.youtube.com/watch?v=C6C0n0yL0lE	toilet 2	C6C0n0yL0lE
nab-DB5oSxy6rrc	https://www.youtube.com/watch?v=DB5oSxy6rrc	table 1	DB5oSxy6rrc
nab-l2spb-t-94M	https://www.youtube.com/watch?v=l2spb-t-94M	stove	l2spb-t-94M
nab-94YvM5S9pbY	https://www.youtube.com/watch?v=94YvM5S9pbY	stairs	94YvM5S9pbY
nab-zHRUkKPvIbk	https://www.youtube.com/watch?v=zHRUkKPvIbk	socks 1	zHRUkKPvIbk
nab-g5H65XRg3YI	https://www.youtube.com/watch?v=g5H65XRg3YI	soap	g5H65XRg3YI
nab-PYpdu4s_F8U	https://www.youtube.com/watch?v=PYpdu4s_F8U	socks 2	PYpdu4s_F8U
nab-qxGxZLh9H1I	https://www.youtube.com/watch?v=qxGxZLh9H1I	sink 2	qxGxZLh9H1I
nab-5MP_m5P3ZPs	https://www.youtube.com/watch?v=5MP_m5P3ZPs	sink 1	5MP_m5P3ZPs
nab-GjBiBjw2Uh4	https://www.youtube.com/watch?v=GjBiBjw2Uh4	shoes 3	GjBiBjw2Uh4
nab-T5jEJvZ0s7U	https://www.youtube.com/watch?v=T5jEJvZ0s7U	shoes 2	T5jEJvZ0s7U
nab-x0h0cfmPnV4	https://www.youtube.com/watch?v=x0h0cfmPnV4	shoes 1	x0h0cfmPnV4
nab-8dyicrBmgKE	https://www.youtube.com/watch?v=8dyicrBmgKE	shirt	8dyicrBmgKE
nab-LtA9qHA1lnA	https://www.youtube.com/watch?v=LtA9qHA1lnA	light 2	LtA9qHA1lnA
nab-R60q-PBwY58	https://www.youtube.com/watch?v=R60q-PBwY58	room	R60q-PBwY58
nab-of2z2YjJ2-k	https://www.youtube.com/watch?v=of2z2YjJ2-k	pants	of2z2YjJ2-k
nab-Mr5MxFBOByc	https://www.youtube.com/watch?v=Mr5MxFBOByc	living room	Mr5MxFBOByc
nab-lsPdSIbEPSk	https://www.youtube.com/watch?v=lsPdSIbEPSk	microwave 2	lsPdSIbEPSk
nab-XAGD2SmBimM	https://www.youtube.com/watch?v=XAGD2SmBimM	microwave 1	XAGD2SmBimM
nab-eG-tga3H3y8	https://www.youtube.com/watch?v=eG-tga3H3y8	light 1	eG-tga3H3y8
nab-UgFSAYtg8tw	https://www.youtube.com/watch?v=UgFSAYtg8tw	kitchen 2	UgFSAYtg8tw
nab-e3DdcFOB-dg	https://www.youtube.com/watch?v=e3DdcFOB-dg	kitchen 1	e3DdcFOB-dg
nab-5E38gLsXn3E	https://www.youtube.com/watch?v=5E38gLsXn3E	jacket 2	5E38gLsXn3E
nab-r8jU9XpoEF0	https://www.youtube.com/watch?v=r8jU9XpoEF0	house	r8jU9XpoEF0
nab-zsInxFbekV8	https://www.youtube.com/watch?v=zsInxFbekV8	bed	zsInxFbekV8
nab-dqRCKjpXV4Q	https://www.youtube.com/watch?v=dqRCKjpXV4Q	jacket 1	dqRCKjpXV4Q
nab-mq0ygGcmFKY	https://www.youtube.com/watch?v=mq0ygGcmFKY	home	mq0ygGcmFKY
nab-PkZ5uPVQv6A	https://www.youtube.com/watch?v=PkZ5uPVQv6A	hat 3	PkZ5uPVQv6A
nab-40-GTK0E2k4	https://www.youtube.com/watch?v=40-GTK0E2k4	hat 2	40-GTK0E2k4
nab-QhYtXRY5ULQ	https://www.youtube.com/watch?v=QhYtXRY5ULQ	hat 1	QhYtXRY5ULQ
nab-Tu6UNOFb35U	https://www.youtube.com/watch?v=Tu6UNOFb35U	couch	Tu6UNOFb35U
nab-h7CbMjE2pBQ	https://www.youtube.com/watch?v=h7CbMjE2pBQ	fireplace	h7CbMjE2pBQ
nab-hzhEejwHpoo	https://www.youtube.com/watch?v=hzhEejwHpoo	downstairs	hzhEejwHpoo
nab-_uqfN-rg0po	https://www.youtube.com/watch?v=_uqfN-rg0po	dishwasher	_uqfN-rg0po
nab-_s2Usv6Tx_I	https://www.youtube.com/watch?v=_s2Usv6Tx_I	bathroom	_s2Usv6Tx_I
nab-dXz1i9gTR4w	https://www.youtube.com/watch?v=dXz1i9gTR4w	chair	dXz1i9gTR4w
nab-Tje-c7lo504	https://www.youtube.com/watch?v=Tje-c7lo504	bathtub 2	Tje-c7lo504
nab-ErtdaCZ-5Ag	https://www.youtube.com/watch?v=ErtdaCZ-5Ag	bedroom	ErtdaCZ-5Ag
nab-ISB_pNfdmOk	https://www.youtube.com/watch?v=ISB_pNfdmOk	bathtub 1	ISB_pNfdmOk
nab-vxHqc1L9tso	https://www.youtube.com/watch?v=vxHqc1L9tso	basement	vxHqc1L9tso
nab-j0CEh6MdtCs	https://www.youtube.com/watch?v=j0CEh6MdtCs	jump	j0CEh6MdtCs
nab-zi2jJQGflss	https://www.youtube.com/watch?v=zi2jJQGflss	swing	zi2jJQGflss
nab-rul1iWBt3Jg	https://www.youtube.com/watch?v=rul1iWBt3Jg	need	rul1iWBt3Jg
nab-3l7x9IrdoJ8	https://www.youtube.com/watch?v=3l7x9IrdoJ8	skate	3l7x9IrdoJ8
nab-U32Kznk2a70	https://www.youtube.com/watch?v=U32Kznk2a70	walk	U32Kznk2a70
nab-3bzeC5h-lzU	https://www.youtube.com/watch?v=3bzeC5h-lzU	run	3bzeC5h-lzU
nab-Ui8rn2gM1ZE	https://www.youtube.com/watch?v=Ui8rn2gM1ZE	play	Ui8rn2gM1ZE
nab-hLJckCJfuRk	https://www.youtube.com/watch?v=hLJckCJfuRk	must have to	hLJckCJfuRk
nab-NETjnRpimm8	https://www.youtube.com/watch?v=NETjnRpimm8	have	NETjnRpimm8
nab-rbnYbQyFvK4	https://www.youtube.com/watch?v=rbnYbQyFvK4	eat	rbnYbQyFvK4
nab-g67ZXnEx9Z4	https://www.youtube.com/watch?v=g67ZXnEx9Z4	dance	g67ZXnEx9Z4
nab-ihw5oazxW6o	https://www.youtube.com/watch?v=ihw5oazxW6o	wake up	ihw5oazxW6o
nab-nI-XX3BtUlQ	https://www.youtube.com/watch?v=nI-XX3BtUlQ	want	nI-XX3BtUlQ
nab-SflmAnGm4JA	https://www.youtube.com/watch?v=SflmAnGm4JA	taste	SflmAnGm4JA
nab-WhUh8CHjj4k	https://www.youtube.com/watch?v=WhUh8CHjj4k	talk	WhUh8CHjj4k
nab-5tVeEQgUoHg	https://www.youtube.com/watch?v=5tVeEQgUoHg	swim	5tVeEQgUoHg
nab-zmSQnIXguyg	https://www.youtube.com/watch?v=zmSQnIXguyg	smell	zmSQnIXguyg
nab-k5TnioXh9rw	https://www.youtube.com/watch?v=k5TnioXh9rw	slide	k5TnioXh9rw
nab-1VOWVnWenrI	https://www.youtube.com/watch?v=1VOWVnWenrI	sign 2	1VOWVnWenrI
nab-96RGtZix3QI	https://www.youtube.com/watch?v=96RGtZix3QI	sleep	96RGtZix3QI
nab-7AAnD4DyOnE	https://www.youtube.com/watch?v=7AAnD4DyOnE	sign	7AAnD4DyOnE
nab-bl95h3JbMqI	https://www.youtube.com/watch?v=bl95h3JbMqI	share	bl95h3JbMqI
nab-zGC3WSRmr_8	https://www.youtube.com/watch?v=zGC3WSRmr_8	shop	zGC3WSRmr_8
nab-QMvwHGkCFqI	https://www.youtube.com/watch?v=QMvwHGkCFqI	see	QMvwHGkCFqI
nab-e17pi_MbBNk	https://www.youtube.com/watch?v=e17pi_MbBNk	read	e17pi_MbBNk
nab-3z9PqJ71rC8	https://www.youtube.com/watch?v=3z9PqJ71rC8	put	3z9PqJ71rC8
nab-v_raVhhnAIE	https://www.youtube.com/watch?v=v_raVhhnAIE	pull	v_raVhhnAIE
nab-iS4SXZr1blU	https://www.youtube.com/watch?v=iS4SXZr1blU	push	iS4SXZr1blU
nab-NGNoEmYEpCQ	https://www.youtube.com/watch?v=NGNoEmYEpCQ	paint	NGNoEmYEpCQ
nab-98MsfTlDSKg	https://www.youtube.com/watch?v=98MsfTlDSKg	lay down	98MsfTlDSKg
nab-JPDU2pWIyDE	https://www.youtube.com/watch?v=JPDU2pWIyDE	laugh	JPDU2pWIyDE
nab-g76HRfAajg4	https://www.youtube.com/watch?v=g76HRfAajg4	laugh 2	g76HRfAajg4
nab-Z3mDTtq2i10	https://www.youtube.com/watch?v=Z3mDTtq2i10	kick	Z3mDTtq2i10
nab-i5ETtfqlUg0	https://www.youtube.com/watch?v=i5ETtfqlUg0	hit	i5ETtfqlUg0
nab-0mSwgSpi5j8	https://www.youtube.com/watch?v=0mSwgSpi5j8	kick 2	0mSwgSpi5j8
nab-RStYX5OXPjE	https://www.youtube.com/watch?v=RStYX5OXPjE	help	RStYX5OXPjE
nab-l31UXgChCS4	https://www.youtube.com/watch?v=l31UXgChCS4	help 2	l31UXgChCS4
nab-NiBN96pLt8U	https://www.youtube.com/watch?v=NiBN96pLt8U	hear	NiBN96pLt8U
nab-l3IOUCQGL0E	https://www.youtube.com/watch?v=l3IOUCQGL0E	draw	l3IOUCQGL0E
nab-qMgcmGOiNmw	https://www.youtube.com/watch?v=qMgcmGOiNmw	give 2	qMgcmGOiNmw
nab-gMlPqSQn5nw	https://www.youtube.com/watch?v=gMlPqSQn5nw	give	gMlPqSQn5nw
nab-mMb5ieXsQno	https://www.youtube.com/watch?v=mMb5ieXsQno	give 3	mMb5ieXsQno
nab-cH03d9ccwVI	https://www.youtube.com/watch?v=cH03d9ccwVI	feel	cH03d9ccwVI
nab-trqyl20lEno	https://www.youtube.com/watch?v=trqyl20lEno	can	trqyl20lEno
nab-mdfAAddVej4	https://www.youtube.com/watch?v=mdfAAddVej4	cook	mdfAAddVej4
nab-_OgLfGX2hSU	https://www.youtube.com/watch?v=_OgLfGX2hSU	snake 2	_OgLfGX2hSU
nab-rhBdtLIMXX4	https://www.youtube.com/watch?v=rhBdtLIMXX4	turtle	rhBdtLIMXX4
nab-x68DQM6ncKA	https://www.youtube.com/watch?v=x68DQM6ncKA	zebra	x68DQM6ncKA
nab-y4nmK9ehSd8	https://www.youtube.com/watch?v=y4nmK9ehSd8	whale	y4nmK9ehSd8
nab-T0zD2id1k78	https://www.youtube.com/watch?v=T0zD2id1k78	pig	T0zD2id1k78
nab-ByBfGnp3bY8	https://www.youtube.com/watch?v=ByBfGnp3bY8	squirrel	ByBfGnp3bY8
nab-nO17gdTDlkE	https://www.youtube.com/watch?v=nO17gdTDlkE	sheep	nO17gdTDlkE
nab-5TvbKdjHaWo	https://www.youtube.com/watch?v=5TvbKdjHaWo	raccoon	5TvbKdjHaWo
nab-7WGzDoy7LS0	https://www.youtube.com/watch?v=7WGzDoy7LS0	raccoon 2	7WGzDoy7LS0
nab-OVt2XEtdQhY	https://www.youtube.com/watch?v=OVt2XEtdQhY	rabbit	OVt2XEtdQhY
nab-8wjw36YYkck	https://www.youtube.com/watch?v=8wjw36YYkck	moose 2	8wjw36YYkck
nab-tIMLF_9rrDk	https://www.youtube.com/watch?v=tIMLF_9rrDk	rabbit 2	tIMLF_9rrDk
nab-7B2Vg4sl7B8	https://www.youtube.com/watch?v=7B2Vg4sl7B8	mouse	7B2Vg4sl7B8
nab-dpEDDoiA1QY	https://www.youtube.com/watch?v=dpEDDoiA1QY	moose	dpEDDoiA1QY
nab-8gvNBh-5RzU	https://www.youtube.com/watch?v=8gvNBh-5RzU	monkey	8gvNBh-5RzU
nab-EoG6ZZyr6NE	https://www.youtube.com/watch?v=EoG6ZZyr6NE	lion	EoG6ZZyr6NE
nab-0rlrzKevbnI	https://www.youtube.com/watch?v=0rlrzKevbnI	elephant	0rlrzKevbnI
nab-22cYLTT67sc	https://www.youtube.com/watch?v=22cYLTT67sc	fish	22cYLTT67sc
nab-PSM2FDcMJQQ	https://www.youtube.com/watch?v=PSM2FDcMJQQ	kangaroo	PSM2FDcMJQQ
nab-TIGs2DzZ6Kw	https://www.youtube.com/watch?v=TIGs2DzZ6Kw	elephant 2	TIGs2DzZ6Kw
nab-zvCy8r0ZUgM	https://www.youtube.com/watch?v=zvCy8r0ZUgM	giraffe	zvCy8r0ZUgM
nab-X15S6liSGeA	https://www.youtube.com/watch?v=X15S6liSGeA	goat	X15S6liSGeA
nab-KKJ53EKRlWU	https://www.youtube.com/watch?v=KKJ53EKRlWU	horse	KKJ53EKRlWU
nab-btW25HJ05FU	https://www.youtube.com/watch?v=btW25HJ05FU	duck	btW25HJ05FU
nab-PHblYe-5h5g	https://www.youtube.com/watch?v=PHblYe-5h5g	cat 2	PHblYe-5h5g
nab-GEkPqQpC4Ss	https://www.youtube.com/watch?v=GEkPqQpC4Ss	dolphin	GEkPqQpC4Ss
nab-eAqZAjgHXVY	https://www.youtube.com/watch?v=eAqZAjgHXVY	camel	eAqZAjgHXVY
nab-0vZntDKTT0s	https://www.youtube.com/watch?v=0vZntDKTT0s	dolphin 2	0vZntDKTT0s
nab-HVRRcxktvlw	https://www.youtube.com/watch?v=HVRRcxktvlw	chicken	HVRRcxktvlw
nab--IWU7gZ-gAQ	https://www.youtube.com/watch?v=-IWU7gZ-gAQ	cow	-IWU7gZ-gAQ
nab-LHQW0IYz7pI	https://www.youtube.com/watch?v=LHQW0IYz7pI	dog	LHQW0IYz7pI
nab-catBjk1p2bk	https://www.youtube.com/watch?v=catBjk1p2bk	dog 2	catBjk1p2bk
nab-c9AFBIWlh_A	https://www.youtube.com/watch?v=c9AFBIWlh_A	deer	c9AFBIWlh_A
nab-V_ZssFiY9fc	https://www.youtube.com/watch?v=V_ZssFiY9fc	bear	V_ZssFiY9fc
nab-BC2ahgTLYbk	https://www.youtube.com/watch?v=BC2ahgTLYbk	bird	BC2ahgTLYbk
nab-E3nNDem2C0Y	https://www.youtube.com/watch?v=E3nNDem2C0Y	rainbow	E3nNDem2C0Y
nab-7JiwJ_ACDjs	https://www.youtube.com/watch?v=7JiwJ_ACDjs	yellow	7JiwJ_ACDjs
nab-s90p4p0i4I8	https://www.youtube.com/watch?v=s90p4p0i4I8	silver 2	s90p4p0i4I8
nab-9fWuTtBHMGY	https://www.youtube.com/watch?v=9fWuTtBHMGY	silver 3	9fWuTtBHMGY
nab-0FYsztUQnUM	https://www.youtube.com/watch?v=0FYsztUQnUM	white	0FYsztUQnUM
nab-1JdamFL7dug	https://www.youtube.com/watch?v=1JdamFL7dug	silver	1JdamFL7dug
nab-vI_EiEt5Yg0	https://www.youtube.com/watch?v=vI_EiEt5Yg0	grey 3	vI_EiEt5Yg0
nab-l8D2nUTgFiQ	https://www.youtube.com/watch?v=l8D2nUTgFiQ	red	l8D2nUTgFiQ
nab-TLsGey9Cd7A	https://www.youtube.com/watch?v=TLsGey9Cd7A	pink	TLsGey9Cd7A
nab-zW5FrLEDRiM	https://www.youtube.com/watch?v=zW5FrLEDRiM	purple	zW5FrLEDRiM
nab-sN-PvjTdOCM	https://www.youtube.com/watch?v=sN-PvjTdOCM	orange	sN-PvjTdOCM
nab-juHCHcRrGew	https://www.youtube.com/watch?v=juHCHcRrGew	orange 2	juHCHcRrGew
nab-2aOf18W9ADA	https://www.youtube.com/watch?v=2aOf18W9ADA	pink 2	2aOf18W9ADA
nab-cd4Ixihgu3Q	https://www.youtube.com/watch?v=cd4Ixihgu3Q	green	cd4Ixihgu3Q
nab-BXHGLOWkdNY	https://www.youtube.com/watch?v=BXHGLOWkdNY	light	BXHGLOWkdNY
nab-EaSuvgF8BcU	https://www.youtube.com/watch?v=EaSuvgF8BcU	grey 2	EaSuvgF8BcU
nab-TLoZKdMeA8w	https://www.youtube.com/watch?v=TLoZKdMeA8w	black	TLoZKdMeA8w
nab-pT7QlL49A2M	https://www.youtube.com/watch?v=pT7QlL49A2M	grey	pT7QlL49A2M
nab-eWiJm1rz0Fk	https://www.youtube.com/watch?v=eWiJm1rz0Fk	dark	eWiJm1rz0Fk
nab-Q4YaB8gEu_A	https://www.youtube.com/watch?v=Q4YaB8gEu_A	gold	Q4YaB8gEu_A
nab-1QJT9gUN0Vs	https://www.youtube.com/watch?v=1QJT9gUN0Vs	gold 3	1QJT9gUN0Vs
nab-kpngPVmD_6Q	https://www.youtube.com/watch?v=kpngPVmD_6Q	brown 2	kpngPVmD_6Q
nab-P0v8HprJ7U4	https://www.youtube.com/watch?v=P0v8HprJ7U4	brown 3	P0v8HprJ7U4
nab-Xi6L8dzG8YQ	https://www.youtube.com/watch?v=Xi6L8dzG8YQ	blue	Xi6L8dzG8YQ
nab-h3OSvoX524I	https://www.youtube.com/watch?v=h3OSvoX524I	bright	h3OSvoX524I
nab-RXGeMT-WDl0	https://www.youtube.com/watch?v=RXGeMT-WDl0	veterinarian 2	RXGeMT-WDl0
nab-ydkDt3RmVOM	https://www.youtube.com/watch?v=ydkDt3RmVOM	veterinarian	ydkDt3RmVOM
nab--ltixuF--uc	https://www.youtube.com/watch?v=-ltixuF--uc	train conductor	-ltixuF--uc
nab--pk0D9N-8Fs	https://www.youtube.com/watch?v=-pk0D9N-8Fs	teacher	-pk0D9N-8Fs
nab-7ytzWBAb2GY	https://www.youtube.com/watch?v=7ytzWBAb2GY	speech therapist	7ytzWBAb2GY
nab-7G3a6CcyLQI	https://www.youtube.com/watch?v=7G3a6CcyLQI	pilot 2	7G3a6CcyLQI
nab-1DmLfk0JE84	https://www.youtube.com/watch?v=1DmLfk0JE84	police	1DmLfk0JE84
nab-qFeZGwhXcLU	https://www.youtube.com/watch?v=qFeZGwhXcLU	audiologist	qFeZGwhXcLU